scenario_name,array_gini_coefficient,arr_size,total_trials,regular_avg,regular_std,epsilon,avg_comparisons,std_comparisons,improvement_pct,ci_lower,ci_upper,margin_of_error,sample_size,t_statistic,p_value,is_significant,drunkness_level
Sober Array,0.0,5000,100,11.38,1.716114945174275,-0.3,12.4,2.3224856068314814,-8.963093145869943,11.939168468929005,12.860831531070996,0.4608315310709955,100,3.5321850486062787,0.0005221042729143583,True,0.3
Sober Array,0.0,5000,100,11.38,1.716114945174275,-0.27999999999999997,12.29,2.3668373818070374,-7.996485061511409,11.820368114555404,12.759631885444595,0.46963188544459517,100,3.1126859848150095,0.0021559237221093646,True,0.27999999999999997
Sober Array,0.0,5000,100,11.38,1.716114945174275,-0.25999999999999995,11.86,2.0251948403583646,-4.217926186291727,11.4581574067653,12.261842593234698,0.4018425932346988,100,1.8082380293097986,0.07212766695523805,False,0.25999999999999995
Sober Array,0.0,5000,100,11.38,1.716114945174275,-0.23999999999999994,11.83,2.0053212040252135,-3.9543057996485,11.432100767375337,12.227899232624663,0.39789923262466304,100,1.7049413489215461,0.08981121473983726,False,0.23999999999999994
Sober Array,0.0,5000,100,11.38,1.716114945174275,-0.21999999999999992,12.23,1.7515072873892867,-7.469244288224952,11.882462954967119,12.577537045032882,0.3475370450328813,100,3.4664067770083484,0.0006468571630854628,True,0.21999999999999992
Sober Array,0.0,5000,100,11.38,1.716114945174275,-0.1999999999999999,11.76,2.142027737514813,-3.3391915641476184,11.33497522526213,12.185024774737869,0.42502477473786826,100,1.384490577538188,0.16784060937705675,False,0.1999999999999999
Sober Array,0.0,5000,100,11.38,1.716114945174275,-0.17999999999999988,11.79,2.031544170617936,-3.602811950790846,11.386897561892123,12.193102438107875,0.4031024381078756,100,1.5417214239088377,0.1247825440204379,False,0.17999999999999988
Sober Array,0.0,5000,100,11.38,1.716114945174275,-0.15999999999999986,11.75,1.7254775360093006,-3.2513181019332094,11.407627822360292,12.092372177639708,0.3423721776397088,100,1.5203923320565522,0.13000773036329444,False,0.15999999999999986
Sober Array,0.0,5000,100,11.38,1.716114945174275,-0.13999999999999985,11.31,1.7735144587382239,0.6151142355008812,10.958096254722587,11.661903745277414,0.351903745277413,100,-0.2836449054260644,0.7769792095206229,False,0.13999999999999985
Sober Array,0.0,5000,100,11.38,1.716114945174275,-0.11999999999999983,11.76,1.5382004440451205,-3.3391915641476184,11.454787660410748,12.065212339589252,0.3052123395892511,100,1.648887034300055,0.10077532457135834,False,0.11999999999999983
Sober Array,0.0,5000,100,11.38,1.716114945174275,-0.09999999999999981,11.53,1.2508986668581412,-1.318101933216156,11.281794566060046,11.778205433939952,0.24820543393995362,100,0.7063382339988086,0.48088584403367207,False,0.09999999999999981
Sober Array,0.0,5000,100,11.38,1.716114945174275,-0.0799999999999998,11.71,1.5524174696260025,-2.899824253075572,11.401966694094988,12.018033305905014,0.30803330590501293,100,1.4260414670597201,0.15544680028675253,False,0.0799999999999998
Sober Array,0.0,5000,100,11.38,1.716114945174275,-0.059999999999999776,11.53,1.3518038827336374,-1.318101933216156,11.261772782076466,11.798227217923532,0.2682272179235339,100,0.6866283603973222,0.49316430529889366,False,0.059999999999999776
Sober Array,0.0,5000,100,11.38,1.716114945174275,-0.03999999999999976,11.29,1.4859272519136992,0.7908611599297155,10.995159795804412,11.584840204195586,0.2948402041955875,100,-0.3964707581153773,0.6921934613422697,False,0.03999999999999976
Sober Array,0.0,5000,100,11.38,1.716114945174275,-0.01999999999999974,11.48,1.4458578942984164,-0.8787346221441092,11.193110425666044,11.766889574333957,0.2868895743339567,100,0.4456319332667284,0.6563640200852792,False,0.01999999999999974
Sober Array,0.0,5000,100,11.38,1.716114945174275,2.7755575615628914e-16,11.51,1.4389600621998029,-1.1423550087873375,11.224479105203915,11.795520894796084,0.2855208947960837,100,0.5804695684940198,0.562278091738335,False,2.7755575615628914e-16
Sober Array,0.0,5000,100,11.38,1.716114945174275,0.020000000000000295,11.38,1.405472708861163,0.0,11.101123722619485,11.658876277380516,0.2788762773805147,100,0.0,1.0,False,0.020000000000000295
Sober Array,0.0,5000,100,11.38,1.716114945174275,0.04000000000000031,11.43,1.5325096601933244,-0.43936731107204685,11.12591683538936,11.73408316461064,0.30408316461064056,100,0.21731662509300784,0.8281882138884787,False,0.04000000000000031
Sober Array,0.0,5000,100,11.38,1.716114945174275,0.06000000000000033,11.28,1.6641192653451642,0.8787346221441249,10.949802634436994,11.610197365563005,0.33019736556300505,100,-0.4183279005052047,0.6761611889914804,False,0.06000000000000033
Sober Array,0.0,5000,100,11.38,1.716114945174275,0.08000000000000035,11.64,1.54736661277909,-2.2847100175746906,11.332968893672517,11.947031106327485,0.3070311063274842,100,1.1251938917289352,0.2618834487141937,False,0.08000000000000035
Sober Array,0.0,5000,100,11.38,1.716114945174275,0.10000000000000037,11.4,1.6391670710664874,-0.17574692442881873,11.074753691123504,11.725246308876496,0.3252463088764962,100,0.08427558740421963,0.9329226478625107,False,0.10000000000000037
Sober Array,0.0,5000,100,11.38,1.716114945174275,0.12000000000000038,11.55,1.7371461561068393,-1.4938488576449904,11.205312514980466,11.894687485019535,0.3446874850195339,100,0.6961878642351346,0.4871277241757135,False,0.12000000000000038
Sober Array,0.0,5000,100,11.38,1.716114945174275,0.1400000000000004,11.57,1.7823772571677095,-1.6695957820738092,11.216337683234428,11.923662316765572,0.35366231676557197,100,0.7679090830901916,0.44345733932653053,False,0.1400000000000004
Sober Array,0.0,5000,100,11.38,1.716114945174275,0.16000000000000042,11.84,1.618828607544993,-4.042179261862909,11.518789283532202,12.161210716467798,0.32121071646779714,100,1.9498429365756513,0.052611644923031685,False,0.16000000000000042
Sober Array,0.0,5000,100,11.38,1.716114945174275,0.18000000000000044,11.61,1.819618119554238,-2.0210896309314466,11.248948288190812,11.971051711809187,0.36105171180918716,100,0.919554263539722,0.35892846494410735,False,0.18000000000000044
Sober Array,0.0,5000,100,11.38,1.716114945174275,0.20000000000000046,12,1.651445647689541,-5.44815465729349,11.672317355135919,12.327682644864081,0.3276826448640823,100,2.603221989541495,0.009935481993536121,True,0.20000000000000046
Sober Array,0.0,5000,100,11.38,1.716114945174275,0.22000000000000047,12.46,1.62319052324349,-9.490333919156415,12.137923784825203,12.782076215174799,0.3220762151747982,100,4.572087337452001,8.510223249209141e-06,True,0.22000000000000047
Sober Array,0.0,5000,100,11.38,1.716114945174275,0.2400000000000005,12.24,1.9904824043483031,-7.557117750439361,11.845045107161233,12.634954892838767,0.39495489283876634,100,3.272287853719722,0.0012630372147948638,True,0.2400000000000005
Sober Array,0.0,5000,100,11.38,1.716114945174275,0.2600000000000005,12.03,2.1294235004912583,-5.7117750439367185,11.607476179338429,12.45252382066157,0.42252382066157124,100,2.3767156178306803,0.018464189760198528,True,0.2600000000000005
Sober Array,0.0,5000,100,11.38,1.716114945174275,0.2800000000000005,12.12,2.3237030704450943,-6.502636203866419,11.658926897735006,12.581073102264993,0.46107310226499304,100,2.5616969361270656,0.011225372447220073,True,0.2800000000000005
Sober Array,0.0,5000,100,11.38,1.716114945174275,0.30000000000000054,12.85,2.5638315707612938,-12.917398945518443,12.341280193648231,13.358719806351768,0.5087198063517692,100,4.764727106743483,3.98952950076268e-06,True,0.30000000000000054
Array (Gini=0.1),0.11078242092399004,5000,100,11.25,1.539874060178988,-0.3,12.38,2.308438625757438,-10.044444444444451,11.921955694725469,12.838044305274533,0.45804430527453166,100,4.072210621445149,7.084323983187386e-05,True,0.3
Array (Gini=0.1),0.11078242092399004,5000,100,11.25,1.539874060178988,-0.27999999999999997,12.06,2.063732031778811,-7.200000000000005,11.650510791917304,12.469489208082697,0.40948920808269723,100,3.145731405565477,0.0019337376160226173,True,0.27999999999999997
Array (Gini=0.1),0.11078242092399004,5000,100,11.25,1.539874060178988,-0.25999999999999995,11.47,1.8987236542350008,-1.955555555555561,11.09325203390364,11.84674796609636,0.37674796609635997,100,0.8999205589791714,0.36930226693102,False,0.25999999999999995
Array (Gini=0.1),0.11078242092399004,5000,100,11.25,1.539874060178988,-0.23999999999999994,11.98,1.9795928568238164,-6.4888888888888925,11.58720582964047,12.372794170359532,0.39279417035953174,100,2.9107006133254867,0.004045017415552519,True,0.23999999999999994
Array (Gini=0.1),0.11078242092399004,5000,100,11.25,1.539874060178988,-0.21999999999999992,12.09,1.5380362660079103,-7.466666666666666,11.784820236895198,12.395179763104801,0.3051797631048013,100,3.859563972755786,0.00015368692857446804,True,0.21999999999999992
Array (Gini=0.1),0.11078242092399004,5000,100,11.25,1.539874060178988,-0.1999999999999999,11.78,1.9570127720326687,-4.711111111111106,11.391686208341378,12.16831379165862,0.38831379165862184,100,2.128340518619271,0.034613808686510594,True,0.1999999999999999
Array (Gini=0.1),0.11078242092399004,5000,100,11.25,1.539874060178988,-0.17999999999999988,11.86,1.8368836147511944,-5.422222222222217,11.495522439366212,12.224477560633787,0.36447756063378645,100,2.544904303469393,0.011716504586210843,True,0.17999999999999988
Array (Gini=0.1),0.11078242092399004,5000,100,11.25,1.539874060178988,-0.15999999999999986,12.02,1.4211959681190978,-6.844444444444441,11.73800388686423,12.30199611313577,0.2819961131357707,100,3.674586770262019,0.00030712422518480313,True,0.15999999999999986
Array (Gini=0.1),0.11078242092399004,5000,100,11.25,1.539874060178988,-0.13999999999999985,11.43,1.6712361601611854,-1.5999999999999976,11.098390488103389,11.76160951189661,0.33160951189661036,100,0.7920802682009713,0.42926813223801663,False,0.13999999999999985
Array (Gini=0.1),0.11078242092399004,5000,100,11.25,1.539874060178988,-0.11999999999999983,11.51,1.5731009073312698,-2.311111111111109,11.19786265132396,11.822137348676039,0.31213734867603954,100,1.1811035636422929,0.23897899270815015,False,0.11999999999999983
Array (Gini=0.1),0.11078242092399004,5000,100,11.25,1.539874060178988,-0.09999999999999981,11.4,1.5954480704349312,-1.3333333333333366,11.08342848933912,11.71657151066088,0.3165715106608809,100,0.6764814252025476,0.49952550020186415,False,0.09999999999999981
Array (Gini=0.1),0.11078242092399004,5000,100,11.25,1.539874060178988,-0.0799999999999998,11.53,1.388662607829504,-2.488888888888883,11.254459211361844,11.805540788638154,0.27554078863815556,100,1.35034334464547,0.1784636408263304,False,0.0799999999999998
Array (Gini=0.1),0.11078242092399004,5000,100,11.25,1.539874060178988,-0.059999999999999776,11.26,1.6734407788756793,-0.08888888888888699,10.927953043920898,11.592046956079102,0.3320469560791016,100,0.043973077175022315,0.964970483772976,False,0.059999999999999776
Array (Gini=0.1),0.11078242092399004,5000,100,11.25,1.539874060178988,-0.03999999999999976,11.4,1.6143297699232972,-1.3333333333333366,11.079681950519308,11.720318049480692,0.3203180494806918,100,0.6723502022908523,0.5021463578538596,False,0.03999999999999976
Array (Gini=0.1),0.11078242092399004,5000,100,11.25,1.539874060178988,-0.01999999999999974,11.24,1.8097379686439456,0.08888888888888699,10.88090872448278,11.599091275517221,0.3590912755172206,100,-0.042083861045410016,0.9664753390001841,False,0.01999999999999974
Array (Gini=0.1),0.11078242092399004,5000,100,11.25,1.539874060178988,2.7755575615628914e-16,11.28,1.6148302597105268,-0.266666666666661,10.95958264248732,11.60041735751268,0.3204173575126796,100,0.13444821400634932,0.8931850332193845,False,2.7755575615628914e-16
Array (Gini=0.1),0.11078242092399004,5000,100,11.25,1.539874060178988,0.020000000000000295,11.46,1.3956642819384566,-1.866666666666674,11.183069927316254,11.736930072683748,0.27693007268374786,100,1.010469297098569,0.31351556390253343,False,0.020000000000000295
Array (Gini=0.1),0.11078242092399004,5000,100,11.25,1.539874060178988,0.04000000000000031,11.46,1.4935551783268908,-1.866666666666674,11.163646249715022,11.75635375028498,0.296353750284979,100,0.9789258583613432,0.3288122933730172,False,0.04000000000000031
Array (Gini=0.1),0.11078242092399004,5000,100,11.25,1.539874060178988,0.06000000000000033,11.29,1.603625941925411,-0.35555555555554796,10.971805822215252,11.608194177784746,0.3181941777847479,100,0.1799170119725238,0.8574020189425079,False,0.06000000000000033
Array (Gini=0.1),0.11078242092399004,5000,100,11.25,1.539874060178988,0.08000000000000035,11.42,1.741820712340795,-1.5111111111111104,11.074384981608446,11.765615018391554,0.34561501839155345,100,0.7312148203695403,0.4655253860968196,False,0.08000000000000035
Array (Gini=0.1),0.11078242092399004,5000,100,11.25,1.539874060178988,0.10000000000000037,11.6,1.407052941362897,-3.111111111111108,11.320810170207759,11.87918982979224,0.2791898297922412,100,1.6779267532299702,0.09495187521483514,False,0.10000000000000037
Array (Gini=0.1),0.11078242092399004,5000,100,11.25,1.539874060178988,0.12000000000000038,11.55,1.7254775360093006,-2.666666666666673,11.207627822360292,11.892372177639709,0.3423721776397088,100,1.2971968033965462,0.1960922907570519,False,0.12000000000000038
Array (Gini=0.1),0.11078242092399004,5000,100,11.25,1.539874060178988,0.1400000000000004,11.6,1.6391670710664874,-3.111111111111108,11.274753691123504,11.925246308876496,0.3252463088764962,100,1.5562349434456204,0.1212553814063974,False,0.1400000000000004
Array (Gini=0.1),0.11078242092399004,5000,100,11.25,1.539874060178988,0.16000000000000042,11.51,2.226992355059835,-2.311111111111109,11.068116401821003,11.951883598178997,0.44188359817899675,100,0.9602855970031058,0.3382284836569167,False,0.16000000000000042
Array (Gini=0.1),0.11078242092399004,5000,100,11.25,1.539874060178988,0.18000000000000044,11.53,1.7082982258033368,-2.488888888888883,11.19103657021288,11.868963429787119,0.33896342978711885,100,1.2174494223177872,0.22489770922386498,False,0.18000000000000044
Array (Gini=0.1),0.11078242092399004,5000,100,11.25,1.539874060178988,0.20000000000000046,11.67,2.0940270998603374,-3.733333333333333,11.254499593153856,12.085500406846144,0.4155004068461447,100,1.6158434251447813,0.10786176723795603,False,0.20000000000000046
Array (Gini=0.1),0.11078242092399004,5000,100,11.25,1.539874060178988,0.22000000000000047,11.87,2.0531080159729846,-5.511111111111104,11.462618827142803,12.277381172857195,0.40738117285719555,100,2.4158251988895465,0.016679459239522246,True,0.22000000000000047
Array (Gini=0.1),0.11078242092399004,5000,100,11.25,1.539874060178988,0.2400000000000005,12.31,1.8678297242489421,-9.422222222222226,11.939382059861346,12.680617940138655,0.37061794013865396,100,4.378819639291748,1.9634593021019974e-05,True,0.2400000000000005
Array (Gini=0.1),0.11078242092399004,5000,100,11.25,1.539874060178988,0.2600000000000005,12.29,2.0758106606793163,-9.244444444444436,11.878114129895765,12.701885870104233,0.4118858701042338,100,4.02381996435893,8.377671515547533e-05,True,0.2600000000000005
Array (Gini=0.1),0.11078242092399004,5000,100,11.25,1.539874060178988,0.2800000000000005,12.61,1.740167181101235,-12.088888888888883,12.264713078079984,12.955286921920015,0.345286921920015,100,5.852836618828413,2.0148557749673655e-08,True,0.2800000000000005
Array (Gini=0.1),0.11078242092399004,5000,100,11.25,1.539874060178988,0.30000000000000054,12.1,2.139102048934921,-7.555555555555553,11.675555745349637,12.524444254650362,0.42444425465036256,100,3.224936914500526,0.0014966426965871775,True,0.30000000000000054
Array (Gini=0.1),0.1615127580763922,5000,100,11.24,1.4221906562153552,-0.3,12.12,2.194023102370933,-7.829181494661913,11.684658216827392,12.555341783172606,0.4353417831726075,100,3.365658861867623,0.0009443810365986497,True,0.3
Array (Gini=0.1),0.1615127580763922,5000,100,11.24,1.4221906562153552,-0.27999999999999997,12.08,2.0825392426001716,-7.473309608540923,11.666779033265069,12.493220966734931,0.41322096673493136,100,3.330922465726433,0.0010560202496689766,True,0.27999999999999997
Array (Gini=0.1),0.1615127580763922,5000,100,11.24,1.4221906562153552,-0.25999999999999995,12.01,2.2674463899534936,-6.850533807829177,11.560089443641711,12.459910556358288,0.44991055635828886,100,2.8768338065883565,0.0045431526591039354,True,0.25999999999999995
Array (Gini=0.1),0.1615127580763922,5000,100,11.24,1.4221906562153552,-0.23999999999999994,12.13,2.1017308884043,-7.918149466192176,11.71297099437188,12.547029005628122,0.4170290056281215,100,3.50711881209743,0.0005764359747126207,True,0.23999999999999994
Array (Gini=0.1),0.1615127580763922,5000,100,11.24,1.4221906562153552,-0.21999999999999992,12.07,1.8436623630944222,-7.384341637010676,11.704177388628949,12.435822611371051,0.3658226113710508,100,3.5645906460840604,0.0004631892450968152,True,0.21999999999999992
Array (Gini=0.1),0.1615127580763922,5000,100,11.24,1.4221906562153552,-0.1999999999999999,11.9,1.766695254199807,-5.871886120996442,11.549449332846681,12.25055066715332,0.35055066715331984,100,2.9100488413247656,0.004046732462158519,True,0.1999999999999999
Array (Gini=0.1),0.1615127580763922,5000,100,11.24,1.4221906562153552,-0.17999999999999988,11.82,1.9036381966745635,-5.160142348754449,11.442276882061892,12.197723117938109,0.37772311793810887,100,2.440842108121696,0.015603738329403823,True,0.17999999999999988
Array (Gini=0.1),0.1615127580763922,5000,100,11.24,1.4221906562153552,-0.15999999999999986,12.04,1.4901698093190792,-7.11743772241992,11.744317980372262,12.335682019627736,0.2956820196277378,100,3.8836633947279418,0.00014028431159100253,True,0.15999999999999986
Array (Gini=0.1),0.1615127580763922,5000,100,11.24,1.4221906562153552,-0.13999999999999985,11.68,1.681029025882238,-3.9145907473309567,11.346447371086633,12.013552628913367,0.33355262891336646,100,1.998249233704342,0.0470955511102578,True,0.13999999999999985
Array (Gini=0.1),0.1615127580763922,5000,100,11.24,1.4221906562153552,-0.11999999999999983,11.56,1.6349713493304134,-2.8469750889679744,11.235586213342758,11.884413786657243,0.3244137866572431,100,1.4767165575797039,0.14137077370069853,False,0.11999999999999983
Array (Gini=0.1),0.1615127580763922,5000,100,11.24,1.4221906562153552,-0.09999999999999981,11.76,1.6460543580012628,-4.62633451957295,11.433387103974916,12.086612896025084,0.3266128960250847,100,2.390426602985811,0.017786050007372847,True,0.09999999999999981
Array (Gini=0.1),0.1615127580763922,5000,100,11.24,1.4221906562153552,-0.0799999999999998,11.31,1.5221927299362283,-0.6227758007117463,11.007963938179726,11.612036061820275,0.30203606182027426,100,0.336022483711119,0.7372113633465341,False,0.0799999999999998
Array (Gini=0.1),0.1615127580763922,5000,100,11.24,1.4221906562153552,-0.059999999999999776,11.27,1.613422236468592,-0.26690391459074164,10.949862024845796,11.590137975154203,0.32013797515420306,100,0.13948574306656972,0.8892103305111538,False,0.059999999999999776
Array (Gini=0.1),0.1615127580763922,5000,100,11.24,1.4221906562153552,-0.03999999999999976,11.42,1.491931159892636,-1.6014234875444813,11.123968490205701,11.716031509794298,0.29603150979429793,100,0.8732839295918065,0.3835686249006258,False,0.03999999999999976
Array (Gini=0.1),0.1615127580763922,5000,100,11.24,1.4221906562153552,-0.01999999999999974,11.37,1.8676133962840913,-1.1565836298932295,10.99942498402284,11.740575015977159,0.3705750159771597,100,0.5537881641630769,0.5803928221530374,False,0.01999999999999974
Array (Gini=0.1),0.1615127580763922,5000,100,11.24,1.4221906562153552,2.7755575615628914e-16,11.31,1.3610379283562388,-0.6227758007117463,11.03994054709093,11.58005945290907,0.2700594529090709,100,0.35559803825364933,0.7225208924910405,False,2.7755575615628914e-16
Array (Gini=0.1),0.1615127580763922,5000,100,11.24,1.4221906562153552,0.020000000000000295,11.61,1.434742084308134,-3.29181494661921,11.32531604352729,11.89468395647271,0.28468395647270994,100,1.8315235810179054,0.06852515559710336,False,0.020000000000000295
Array (Gini=0.1),0.1615127580763922,5000,100,11.24,1.4221906562153552,0.04000000000000031,11.41,1.2560560368378346,-1.5124555160142341,11.160771231966155,11.659228768033845,0.24922876803384458,100,0.895940963221527,0.3713888379898801,False,0.04000000000000031
Array (Gini=0.1),0.1615127580763922,5000,100,11.24,1.4221906562153552,0.06000000000000033,11.51,1.4034229439466777,-2.402135231316722,11.231530440448479,11.78846955955152,0.2784695595515218,100,1.3513144171692741,0.178136963182495,False,0.06000000000000033
Array (Gini=0.1),0.1615127580763922,5000,100,11.24,1.4221906562153552,0.08000000000000035,11.61,1.162503394151665,-3.29181494661921,11.379334105913788,11.84066589408621,0.23066589408621133,100,2.014311279233431,0.04538357090749268,True,0.08000000000000035
Array (Gini=0.1),0.1615127580763922,5000,100,11.24,1.4221906562153552,0.10000000000000037,11.5,1.7552230857666158,-2.313167259786475,11.15172565995425,11.84827434004575,0.34827434004574975,100,1.150911903992362,0.25121605225991245,False,0.10000000000000037
Array (Gini=0.1),0.1615127580763922,5000,100,11.24,1.4221906562153552,0.12000000000000038,11.77,1.434460444793361,-4.7153024911031975,11.485371926917232,12.054628073082768,0.2846280730827672,100,2.623793553325333,0.00937325907518685,True,0.12000000000000038
Array (Gini=0.1),0.1615127580763922,5000,100,11.24,1.4221906562153552,0.1400000000000004,11.87,1.3458128106137648,-5.604982206405685,11.602961540762262,12.137038459237736,0.26703845923773767,100,3.217537734241601,0.001511291383377277,True,0.1400000000000004
Array (Gini=0.1),0.1615127580763922,5000,100,11.24,1.4221906562153552,0.16000000000000042,11.8,1.5504968249049735,-4.982206405693955,11.492347791676316,12.107652208323685,0.30765220832368384,100,2.6616418522028096,0.008419414731990899,True,0.16000000000000042
Array (Gini=0.1),0.1615127580763922,5000,100,11.24,1.4221906562153552,0.18000000000000044,11.7,1.5731330124142315,-4.092526690391451,11.387856280978976,12.012143719021022,0.3121437190210237,100,2.169093844693745,0.031279281195939965,True,0.18000000000000044
Array (Gini=0.1),0.1615127580763922,5000,100,11.24,1.4221906562153552,0.20000000000000046,11.89,1.7972762782060026,-5.782918149466195,11.533381394223921,12.24661860577608,0.35661860577607857,100,2.836068751682741,0.005067488037921172,True,0.20000000000000046
Array (Gini=0.1),0.1615127580763922,5000,100,11.24,1.4221906562153552,0.22000000000000047,12,1.8257418583505538,-6.76156583629893,11.637733205558186,12.362266794441814,0.3622667944418133,100,3.283937977813271,0.0012221435344317599,True,0.22000000000000047
Array (Gini=0.1),0.1615127580763922,5000,100,11.24,1.4221906562153552,0.2400000000000005,12,1.6877454928053721,-6.76156583629893,11.665114678334321,12.334885321665679,0.33488532166567947,100,3.4434959319820075,0.0007046149204291027,True,0.2400000000000005
Array (Gini=0.1),0.1615127580763922,5000,100,11.24,1.4221906562153552,0.2600000000000005,11.73,2.2058462266798147,-4.359430604982208,11.292312252460045,12.167687747539956,0.4376877475399552,100,1.8669703054851108,0.06363596129234377,False,0.2600000000000005
Array (Gini=0.1),0.1615127580763922,5000,100,11.24,1.4221906562153552,0.2800000000000005,12.07,1.9809955664623367,-7.384341637010676,11.67692750161619,12.463072498383811,0.39307249838381136,100,3.403535067457659,0.0008202626755563089,True,0.2800000000000005
Array (Gini=0.1),0.1615127580763922,5000,100,11.24,1.4221906562153552,0.30000000000000054,11.95,2.147937700129211,-6.316725978647679,11.523802560461904,12.376197439538094,0.42619743953809536,100,2.756110124047189,0.006480863649625126,True,0.30000000000000054
Array (Gini=0.1),0.17069501096687323,5000,100,11.55,1.2900160518929267,-0.3,12.34,2.310363126821794,-6.839826839826832,11.881573831961958,12.798426168038041,0.45842616803804087,100,2.985510095760653,0.003290281996929748,True,0.3
Array (Gini=0.1),0.17069501096687323,5000,100,11.55,1.2900160518929267,-0.27999999999999997,11.97,2.1623733687452282,-3.6363636363636354,11.540938210624478,12.399061789375523,0.42906178937552175,100,1.6680330886580288,0.09724635054344155,False,0.27999999999999997
Array (Gini=0.1),0.17069501096687323,5000,100,11.55,1.2900160518929267,-0.25999999999999995,12.41,2.3185462181411363,-7.445887445887441,11.949950129110801,12.870049870889199,0.4600498708891991,100,3.24129346070651,0.0014567487923174904,True,0.25999999999999995
Array (Gini=0.1),0.17069501096687323,5000,100,11.55,1.2900160518929267,-0.23999999999999994,11.72,2.387171099562379,-1.471861471861471,11.246333463809671,12.19366653619033,0.4736665361903294,100,0.6265122463007291,0.5319170810094673,False,0.23999999999999994
Array (Gini=0.1),0.17069501096687323,5000,100,11.55,1.2900160518929267,-0.21999999999999992,11.82,1.8607047649270483,-2.337662337662334,11.450795806367877,12.189204193632124,0.3692041936321228,100,1.1925018444645046,0.2346669943989685,False,0.21999999999999992
Array (Gini=0.1),0.17069501096687323,5000,100,11.55,1.2900160518929267,-0.1999999999999999,11.94,1.7455281970992869,-3.3766233766233658,11.59364933619792,12.286350663802079,0.3463506638020794,100,1.7968324796264277,0.07401769400847633,False,0.1999999999999999
Array (Gini=0.1),0.17069501096687323,5000,100,11.55,1.2900160518929267,-0.17999999999999988,11.65,1.6959547830831536,-0.8658008658008627,11.313485777041418,11.986514222958583,0.33651422295858247,100,0.46930237198580205,0.6394066563903384,False,0.17999999999999988
Array (Gini=0.1),0.17069501096687323,5000,100,11.55,1.2900160518929267,-0.15999999999999986,12,1.4354811251305468,-3.89610389610389,11.71516940179452,12.28483059820548,0.28483059820547874,100,2.331653955777209,0.02073595518977791,True,0.15999999999999986
Array (Gini=0.1),0.17069501096687323,5000,100,11.55,1.2900160518929267,-0.13999999999999985,11.4,2.1927336381970357,1.2987012987013018,10.964914074494613,11.835085925505387,0.43508592550538655,100,-0.5896096038723779,0.5562830451853513,False,0.13999999999999985
Array (Gini=0.1),0.17069501096687323,5000,100,11.55,1.2900160518929267,-0.11999999999999983,11.64,1.494231331731226,-0.7792207792207779,11.343512086210351,11.93648791378965,0.2964879137896492,100,0.4559157795133647,0.6489608043242953,False,0.11999999999999983
Array (Gini=0.1),0.17069501096687323,5000,100,11.55,1.2900160518929267,-0.09999999999999981,11.39,1.7108979271633118,1.3852813852813866,11.05052073306215,11.729479266937851,0.3394792669378511,100,-0.7467092412018829,0.45619177544848943,False,0.09999999999999981
Array (Gini=0.1),0.17069501096687323,5000,100,11.55,1.2900160518929267,-0.0799999999999998,11.46,1.3589954697748947,0.7792207792207779,11.190345815184916,11.729654184815086,0.26965418481508513,100,-0.4803153542750278,0.6315348362451951,False,0.0799999999999998
Array (Gini=0.1),0.17069501096687323,5000,100,11.55,1.2900160518929267,-0.059999999999999776,11.61,1.2463684621468658,-0.5194805194805083,11.362693456958237,11.857306543041762,0.24730654304176192,100,0.3344928661287833,0.7383621424390785,False,0.059999999999999776
Array (Gini=0.1),0.17069501096687323,5000,100,11.55,1.2900160518929267,-0.03999999999999976,11.52,1.431817380150489,0.2597402597402696,11.235896368284065,11.804103631715934,0.2841036317159352,100,-0.15566326363005625,0.876458749729844,False,0.03999999999999976
Array (Gini=0.1),0.17069501096687323,5000,100,11.55,1.2900160518929267,-0.01999999999999974,11.27,1.5032288480790175,2.424242424242434,10.971726783764474,11.568273216235525,0.29827321623552566,100,-1.4135216859348712,0.15910875782468992,False,0.01999999999999974
Array (Gini=0.1),0.17069501096687323,5000,100,11.55,1.2900160518929267,2.7755575615628914e-16,11.46,1.41006483123395,0.7792207792207779,11.180212545913937,11.739787454086064,0.27978745408606337,100,-0.4709251676913083,0.638216657277799,False,2.7755575615628914e-16
Array (Gini=0.1),0.17069501096687323,5000,100,11.55,1.2900160518929267,0.020000000000000295,11.3,1.5537507567629418,2.1645021645021645,10.991702141001154,11.608297858998847,0.3082978589988473,100,-1.2379449664415945,0.21725185198450916,False,0.020000000000000295
Array (Gini=0.1),0.17069501096687323,5000,100,11.55,1.2900160518929267,0.04000000000000031,11.46,1.3365113640604132,0.7792207792207779,11.194807149554734,11.725192850445268,0.2651928504452664,100,-0.4845153411214935,0.6285563882951977,False,0.04000000000000031
Array (Gini=0.1),0.17069501096687323,5000,100,11.55,1.2900160518929267,0.06000000000000033,11.62,1.3764248815483737,-0.6060606060605931,11.346887441755339,11.89311255824466,0.2731125582446614,100,0.37106769979387055,0.7109854909233687,False,0.06000000000000033
Array (Gini=0.1),0.17069501096687323,5000,100,11.55,1.2900160518929267,0.08000000000000035,11.66,1.4299819875958175,-0.9523809523809474,11.37626054998603,11.94373945001397,0.28373945001397,100,0.5711693046500902,0.5685394323672703,False,0.08000000000000035
Array (Gini=0.1),0.17069501096687323,5000,100,11.55,1.2900160518929267,0.10000000000000037,11.28,1.869910601222865,2.337662337662349,10.908969168724779,11.65103083127522,0.37103083127522013,100,-1.1885272948527947,0.23622849791764303,False,0.10000000000000037
Array (Gini=0.1),0.17069501096687323,5000,100,11.55,1.2900160518929267,0.12000000000000038,11.48,1.828395554312661,0.6060606060606085,11.11720665470697,11.84279334529303,0.3627933452930297,100,-0.31282524782070326,0.7547796614029616,False,0.12000000000000038
Array (Gini=0.1),0.17069501096687323,5000,100,11.55,1.2900160518929267,0.1400000000000004,11.37,1.90509683202559,1.5584415584415712,10.991987457162933,11.748012542837065,0.37801254283706653,100,-0.78234731451947,0.4350737714949917,False,0.1400000000000004
Array (Gini=0.1),0.17069501096687323,5000,100,11.55,1.2900160518929267,0.16000000000000042,11.85,1.6840007677725644,-2.597402597402588,11.515857713023204,12.184142286976796,0.3341422869767959,100,1.41421356237309,0.1589760460678688,False,0.16000000000000042
Array (Gini=0.1),0.17069501096687323,5000,100,11.55,1.2900160518929267,0.18000000000000044,11.74,1.7844445702353504,-1.6450216450216406,11.38592748347114,12.094072516528861,0.35407251652886085,100,0.8628893393952167,0.38934477015408675,False,0.18000000000000044
Array (Gini=0.1),0.17069501096687323,5000,100,11.55,1.2900160518929267,0.20000000000000046,11.92,1.7214041719573945,-3.2034632034631962,11.578436066160437,12.261563933839563,0.34156393383956296,100,1.7200237171015005,0.08711374020722921,False,0.20000000000000046
Array (Gini=0.1),0.17069501096687323,5000,100,11.55,1.2900160518929267,0.22000000000000047,12.32,1.523419863599028,-6.6666666666666625,12.017720448238176,12.622279551761824,0.30227955176182364,100,3.8572635595396365,0.00015625227489785934,True,0.22000000000000047
Array (Gini=0.1),0.17069501096687323,5000,100,11.55,1.2900160518929267,0.2400000000000005,11.85,2.056647266742156,-2.597402597402588,11.441916563005622,12.258083436994378,0.40808343699437855,100,1.2357152940373146,0.2183054738700221,False,0.2400000000000005
Array (Gini=0.1),0.17069501096687323,5000,100,11.55,1.2900160518929267,0.2600000000000005,12.42,1.990786860322401,-7.532467532467526,12.024984696490755,12.815015303509245,0.39501530350924563,100,3.667468335714196,0.0003275347343554049,True,0.2600000000000005
Array (Gini=0.1),0.17069501096687323,5000,100,11.55,1.2900160518929267,0.2800000000000005,12.08,2.168088111817889,-4.588744588744583,11.64980428161665,12.51019571838335,0.4301957183833508,100,2.1008027675948284,0.03721328357633713,True,0.2800000000000005
Array (Gini=0.1),0.17069501096687323,5000,100,11.55,1.2900160518929267,0.30000000000000054,12.4,1.9384467383902395,-7.359307359307356,12.015370112208938,12.784629887791063,0.384629887791063,100,3.6504843965921077,0.00034682476030132756,True,0.30000000000000054
Array (Gini=0.2),0.2666755425109697,5000,100,11.72,1.326345324262094,-0.3,11.77,2.5019386422726217,-0.42662116040954723,11.273561093436804,12.266438906563195,0.49643890656319545,100,0.176568369424805,0.8600847102243021,False,0.3
Array (Gini=0.2),0.2666755425109697,5000,100,11.72,1.326345324262094,-0.27999999999999997,12.08,2.596345528047086,-3.0716723549488005,11.56482871912752,12.59517128087248,0.515171280872479,100,1.2347751396118851,0.21887924716718535,False,0.27999999999999997
Array (Gini=0.2),0.2666755425109697,5000,100,11.72,1.326345324262094,-0.25999999999999995,12.2,2.098580568870398,-4.095563139931729,11.783596086114061,12.616403913885938,0.4164039138859378,100,1.933467908009997,0.05486766065666068,False,0.25999999999999995
Array (Gini=0.2),0.2666755425109697,5000,100,11.72,1.326345324262094,-0.23999999999999994,11.9,1.9201220499928349,-1.5358361774744003,11.519006127943863,12.280993872056138,0.3809938720561385,100,0.7713140991662649,0.4415553413606068,False,0.23999999999999994
Array (Gini=0.2),0.2666755425109697,5000,100,11.72,1.326345324262094,-0.21999999999999992,12.26,1.9049112495564902,-4.607508532423201,11.882024280751043,12.637975719248956,0.37797571924895745,100,2.3264024762366042,0.02113160757935144,True,0.21999999999999992
Array (Gini=0.2),0.2666755425109697,5000,100,11.72,1.326345324262094,-0.1999999999999999,11.58,1.7932533495737784,1.1945392491467623,11.224179630542599,11.935820369457401,0.3558203694574017,100,-0.6276733615326667,0.5310030865621607,False,0.1999999999999999
Array (Gini=0.2),0.2666755425109697,5000,100,11.72,1.326345324262094,-0.17999999999999988,11.88,1.53267443023328,-1.3651877133105812,11.575884141438722,12.18411585856128,0.3041158585612786,100,0.7893867192981204,0.43084971811432415,False,0.17999999999999988
Array (Gini=0.2),0.2666755425109697,5000,100,11.72,1.326345324262094,-0.15999999999999986,11.86,1.7582130506036893,-1.1945392491467473,11.511132386062837,12.208867613937162,0.3488676139371633,100,0.6356741560367656,0.5257781523325643,False,0.15999999999999986
Array (Gini=0.2),0.2666755425109697,5000,100,11.72,1.326345324262094,-0.13999999999999985,11.77,1.3769751653753985,-0.42662116040954723,11.496778253505566,12.043221746494433,0.27322174649443376,100,0.2615238562507935,0.7939607773118845,False,0.13999999999999985
Array (Gini=0.2),0.2666755425109697,5000,100,11.72,1.326345324262094,-0.11999999999999983,11.7,1.6483845780556543,0.17064846416383403,11.372924737761647,12.027075262238352,0.3270752622383517,100,-0.09452949028161152,0.9247885260154833,False,0.11999999999999983
Array (Gini=0.2),0.2666755425109697,5000,100,11.72,1.326345324262094,-0.09999999999999981,11.36,1.7838784213679535,3.0716723549488156,11.006039819689116,11.713960180310883,0.3539601803108842,100,-1.6194847913365593,0.10706656532998717,False,0.09999999999999981
Array (Gini=0.2),0.2666755425109697,5000,100,11.72,1.326345324262094,-0.0799999999999998,11.63,1.2115187896924164,0.7679180887372001,11.389608388042102,11.8703916119579,0.24039161195789754,100,-0.5010084674520321,0.6169262090729852,False,0.0799999999999998
Array (Gini=0.2),0.2666755425109697,5000,100,11.72,1.326345324262094,-0.059999999999999776,11.56,1.3876802822179775,1.3651877133105812,11.284654126074875,11.835345873925126,0.2753458739251263,100,-0.8335087534664913,0.40556426962600944,False,0.059999999999999776
Array (Gini=0.2),0.2666755425109697,5000,100,11.72,1.326345324262094,-0.03999999999999976,11.14,1.6637550324734733,4.948805460750854,10.809874906140825,11.470125093859176,0.3301250938591745,100,-2.7258984002257707,0.007016752724593604,True,0.03999999999999976
Array (Gini=0.2),0.2666755425109697,5000,100,11.72,1.326345324262094,-0.01999999999999974,11.63,1.5417096636100738,0.7679180887372001,11.324091355116016,11.935908644883986,0.3059086448839857,100,-0.4425364651288242,0.6585948571685913,False,0.01999999999999974
Array (Gini=0.2),0.2666755425109697,5000,100,11.72,1.326345324262094,2.7755575615628914e-16,11.73,1.2859379314867276,-0.08532423208190944,11.474842015775604,11.985157984224397,0.25515798422439756,100,0.054130592574584656,0.9568857485360281,False,2.7755575615628914e-16
Array (Gini=0.2),0.2666755425109697,5000,100,11.72,1.326345324262094,0.020000000000000295,11.34,1.6830707866062178,3.2423208191126345,11.006042241462689,11.67395775853731,0.333957758537311,100,-1.7733174113629628,0.07779742393127757,False,0.020000000000000295
Array (Gini=0.2),0.2666755425109697,5000,100,11.72,1.326345324262094,0.04000000000000031,11.43,1.492438855489141,2.4744027303754343,11.133867752384823,11.726132247615176,0.2961322476151771,100,-1.4524411255186185,0.14798363606820927,False,0.04000000000000031
Array (Gini=0.2),0.2666755425109697,5000,100,11.72,1.326345324262094,0.06000000000000033,11.41,1.602365675361201,2.645051194539253,11.092055886443266,11.727944113556735,0.31794411355673535,100,-1.4903212896550126,0.13778654636755838,False,0.06000000000000033
Array (Gini=0.2),0.2666755425109697,5000,100,11.72,1.326345324262094,0.08000000000000035,11.43,1.5390867028169266,2.4744027303754343,11.124611807442905,11.735388192557094,0.3053881925570952,100,-1.4273458487600366,0.15508971021600512,False,0.08000000000000035
Array (Gini=0.2),0.2666755425109697,5000,100,11.72,1.326345324262094,0.10000000000000037,11.68,1.3475004919322202,0.3412969283276529,11.41262666817418,11.947373331825819,0.26737333182582007,100,-0.21155584849953954,0.8326712079638893,False,0.10000000000000037
Array (Gini=0.2),0.2666755425109697,5000,100,11.72,1.326345324262094,0.12000000000000038,11.66,1.505679483512579,0.5119453924914719,11.36124052452755,11.95875947547245,0.2987594754724498,100,-0.29901997476520115,0.7652434061564752,False,0.12000000000000038
Array (Gini=0.2),0.2666755425109697,5000,100,11.72,1.326345324262094,0.1400000000000004,11.5,1.8775655848072326,1.877133105802053,11.127450253905618,11.872549746094382,0.3725497460943824,100,-0.9570244044334763,0.339852166984415,False,0.1400000000000004
Array (Gini=0.2),0.2666755425109697,5000,100,11.72,1.326345324262094,0.16000000000000042,11.62,1.5813304716617778,0.8532423208191247,11.306229727219147,11.933770272780851,0.31377027278085196,100,-0.48451307167831154,0.6285735353301749,False,0.16000000000000042
Array (Gini=0.2),0.2666755425109697,5000,100,11.72,1.326345324262094,0.18000000000000044,11.78,1.3377200564748029,-0.5119453924914567,11.514567318756953,12.045432681243046,0.26543268124304564,100,0.31850584795152403,0.7504369970403104,False,0.18000000000000044
Array (Gini=0.2),0.2666755425109697,5000,100,11.72,1.326345324262094,0.20000000000000046,12.16,1.509030058405636,-3.754266211604091,11.86057569777754,12.45942430222246,0.29942430222246,100,2.1900676693646672,0.029706882357571598,True,0.20000000000000046
Array (Gini=0.2),0.2666755425109697,5000,100,11.72,1.326345324262094,0.22000000000000047,11.94,1.7742262504761865,-1.877133105802038,11.587955019799345,12.292044980200654,0.35204498020065395,100,0.9931423985490654,0.3219496480046085,False,0.22000000000000047
Array (Gini=0.2),0.2666755425109697,5000,100,11.72,1.326345324262094,0.2400000000000005,11.87,2.204930196563413,-1.2798634812286567,11.432494012708549,12.30750598729145,0.4375059872914496,100,0.5829515302429982,0.5607347730717513,False,0.2400000000000005
Array (Gini=0.2),0.2666755425109697,5000,100,11.72,1.326345324262094,0.2600000000000005,11.77,2.2149856920895936,-0.42662116040954723,11.330498784240664,12.209501215759335,0.4395012157593363,100,0.193668241637113,0.8466784159316002,False,0.2600000000000005
Array (Gini=0.2),0.2666755425109697,5000,100,11.72,1.326345324262094,0.2800000000000005,12.46,2.0071589046926177,-6.313993174061435,12.061736127693731,12.85826387230627,0.39826387230626925,100,3.0758985406642947,0.002442885256933202,True,0.2800000000000005
Array (Gini=0.2),0.2666755425109697,5000,100,11.72,1.326345324262094,0.30000000000000054,11.84,2.3558223595804058,-1.0238907849829284,11.372553733937737,12.307446266062263,0.4674462660622624,100,0.44386363375831067,0.6577561052188495,False,0.30000000000000054
Array (Gini=0.2),0.2500249974972488,5000,100,11.28,1.576852766260898,-0.3,12.19,2.3211587144738246,-8.067375886524825,11.729431753159894,12.650568246840106,0.4605682468401065,100,3.2429257238390052,0.0014178240246899374,True,0.3
Array (Gini=0.2),0.2500249974972488,5000,100,11.28,1.576852766260898,-0.27999999999999997,12,2.449489742783178,-6.382978723404261,11.513968092982298,12.486031907017702,0.4860319070177025,100,2.4715482500322907,0.014443690203727806,True,0.27999999999999997
Array (Gini=0.2),0.2500249974972488,5000,100,11.28,1.576852766260898,-0.25999999999999995,12,1.7922391615298479,-6.382978723404261,11.644380867453476,12.355619132546524,0.3556191325465232,100,3.016122305317756,0.0029016298922148465,True,0.25999999999999995
Array (Gini=0.2),0.2500249974972488,5000,100,11.28,1.576852766260898,-0.23999999999999994,11.89,1.7574947734738442,-5.407801418439727,11.541274907828528,12.238725092171473,0.3487250921714714,100,2.583435145325735,0.010511054597940009,True,0.23999999999999994
Array (Gini=0.2),0.2500249974972488,5000,100,11.28,1.576852766260898,-0.21999999999999992,12.31,1.7214921880552794,-9.131205673758876,11.968418601857095,12.651581398142905,0.34158139814290583,100,4.412035249844634,1.6863135881538075e-05,True,0.21999999999999992
Array (Gini=0.2),0.2500249974972488,5000,100,11.28,1.576852766260898,-0.1999999999999999,11.72,1.711989804557577,-3.900709219858168,11.380304080898682,12.059695919101319,0.33969591910131813,100,1.890419887441767,0.06017230612032895,False,0.1999999999999999
Array (Gini=0.2),0.2500249974972488,5000,100,11.28,1.576852766260898,-0.17999999999999988,11.67,1.9177796505017952,-3.4574468085106433,11.289470910821594,12.050529089178406,0.3805290891784059,100,1.5708010891717543,0.11788509098099226,False,0.17999999999999988
Array (Gini=0.2),0.2500249974972488,5000,100,11.28,1.576852766260898,-0.15999999999999986,11.74,1.878211055147096,-4.078014184397171,11.367322178586612,12.112677821413389,0.37267782141338773,100,1.875732977323001,0.06220782956282042,False,0.15999999999999986
Array (Gini=0.2),0.2500249974972488,5000,100,11.28,1.576852766260898,-0.13999999999999985,11.6,1.746569509210856,-2.8368794326241162,11.253442717283562,11.946557282716437,0.3465572827164381,100,1.3599217037315836,0.17541718576116735,False,0.13999999999999985
Array (Gini=0.2),0.2500249974972488,5000,100,11.28,1.576852766260898,-0.11999999999999983,11.84,1.6374407229613295,-4.964539007092203,11.51509623604095,12.16490376395905,0.32490376395905024,100,2.4634307395582447,0.014616065464822043,True,0.11999999999999983
Array (Gini=0.2),0.2500249974972488,5000,100,11.28,1.576852766260898,-0.09999999999999981,11.34,1.6281612607199236,-0.5319148936170257,11.016937482668977,11.663062517331023,0.32306251733102204,100,0.2647162913453916,0.7915036693282176,False,0.09999999999999981
Array (Gini=0.2),0.2500249974972488,5000,100,11.28,1.576852766260898,-0.0799999999999998,11.76,1.5183723342627609,-4.255319148936175,11.458721987565403,12.061278012434597,0.3012780124345978,100,2.1927367455022715,0.029493242032111483,True,0.0799999999999998
Array (Gini=0.2),0.2500249974972488,5000,100,11.28,1.576852766260898,-0.059999999999999776,11.54,1.6417531895365804,-2.3049645390070905,11.214240549112805,11.865759450887193,0.32575945088719305,100,1.1421739812781457,0.25476327310633734,False,0.059999999999999776
Array (Gini=0.2),0.2500249974972488,5000,100,11.28,1.576852766260898,-0.03999999999999976,11.21,1.8383952158600092,0.6205673758865117,10.845222504911812,11.57477749508819,0.3647774950881894,100,-0.2890154290158376,0.772878950484769,False,0.03999999999999976
Array (Gini=0.2),0.2500249974972488,5000,100,11.28,1.576852766260898,-0.01999999999999974,11.78,1.2356652810808786,-4.432624113475177,11.534817200288858,12.025182799711141,0.24518279971114204,100,2.4958437211489564,0.013429795312399462,True,0.01999999999999974
Array (Gini=0.2),0.2500249974972488,5000,100,11.28,1.576852766260898,2.7755575615628914e-16,11.41,1.5576140780570829,-1.152482269503553,11.100935574241056,11.719064425758944,0.3090644257589433,100,0.5865249477571501,0.5581909887606976,False,2.7755575615628914e-16
Array (Gini=0.2),0.2500249974972488,5000,100,11.28,1.576852766260898,0.020000000000000295,11.58,1.4011539256028664,-2.659574468085113,11.301980662914586,11.858019337085414,0.2780193370854144,100,1.4221848132887003,0.1565677225999381,False,0.020000000000000295
Array (Gini=0.2),0.2500249974972488,5000,100,11.28,1.576852766260898,0.04000000000000031,11.28,1.4776448637728699,0.0,10.986803201299212,11.573196798700787,0.29319679870078663,100,0.0,1.0,False,0.04000000000000031
Array (Gini=0.2),0.2500249974972488,5000,100,11.28,1.576852766260898,0.06000000000000033,11.32,1.516774887913846,-0.35460992907802236,11.019038955577866,11.620961044422135,0.30096104442213356,100,0.1828205748619236,0.8551261447579874,False,0.06000000000000033
Array (Gini=0.2),0.2500249974972488,5000,100,11.28,1.576852766260898,0.08000000000000035,11.73,1.4554321792109821,-3.9893617021276695,11.441210679823834,12.018789320176166,0.2887893201761654,100,2.0970539551386698,0.03726655524881218,True,0.08000000000000035
Array (Gini=0.2),0.2500249974972488,5000,100,11.28,1.576852766260898,0.10000000000000037,11.36,1.6300213792983504,-0.7092198581560291,11.036568394787464,11.683431605212535,0.3234316052125351,100,0.35274704702241294,0.7246537179452721,False,0.10000000000000037
Array (Gini=0.2),0.2500249974972488,5000,100,11.28,1.576852766260898,0.12000000000000038,11.39,1.58206488265472,-0.9751773049645498,11.076084004144992,11.70391599585501,0.313915995855009,100,0.49245753577024465,0.6229415537074132,False,0.12000000000000038
Array (Gini=0.2),0.2500249974972488,5000,100,11.28,1.576852766260898,0.1400000000000004,11.29,1.5524174696260025,-0.08865248226950166,10.981966694094986,11.598033305905012,0.30803330590501293,100,0.04519170100940755,0.9640000651312423,False,0.1400000000000004
Array (Gini=0.2),0.2500249974972488,5000,100,11.28,1.576852766260898,0.16000000000000042,11.6,1.6017667013821226,-2.8368794326241162,11.282174735875545,11.917825264124454,0.3178252641244554,100,1.4236823385684163,0.1561127463330391,False,0.16000000000000042
Array (Gini=0.2),0.2500249974972488,5000,100,11.28,1.576852766260898,0.18000000000000044,11.48,2.0423792819437656,-1.7730496453900804,11.074747640735705,11.885252359264296,0.4052523592642951,100,0.7751135839932068,0.43925640689592793,False,0.18000000000000044
Array (Gini=0.2),0.2500249974972488,5000,100,11.28,1.576852766260898,0.20000000000000046,11.76,1.7816120268289093,-4.255319148936175,11.406489521535434,12.113510478464566,0.3535104784645664,100,2.0174824772568787,0.04501513846117686,True,0.20000000000000046
Array (Gini=0.2),0.2500249974972488,5000,100,11.28,1.576852766260898,0.22000000000000047,11.59,1.9801795653705527,-2.7482269503546144,11.197089413936066,11.982910586063934,0.39291058606393464,100,1.2246579864318785,0.22223196299596296,False,0.22000000000000047
Array (Gini=0.2),0.2500249974972488,5000,100,11.28,1.576852766260898,0.2400000000000005,11.84,2.272896963362089,-4.964539007092203,11.389007931626434,12.290992068373566,0.45099206837356665,100,2.0243501831952773,0.04444264969713533,True,0.2400000000000005
Array (Gini=0.2),0.2500249974972488,5000,100,11.28,1.576852766260898,0.2600000000000005,11.86,1.9950443654721115,-5.141843971631207,11.464139915101835,12.255860084898163,0.3958600848981647,100,2.2808028971548824,0.02368189998651086,True,0.2600000000000005
Array (Gini=0.2),0.2500249974972488,5000,100,11.28,1.576852766260898,0.2800000000000005,12.31,1.9933981949516166,-9.131205673758876,11.91446655104702,12.70553344895298,0.39553344895298076,100,4.05244911572118,7.411094452081537e-05,True,0.2800000000000005
Array (Gini=0.2),0.2500249974972488,5000,100,11.28,1.576852766260898,0.30000000000000054,12.29,2.5357843008036034,-8.953900709219857,11.786845380497589,12.79315461950241,0.5031546195024102,100,3.382362167446841,0.0008968054040716948,True,0.30000000000000054
Array (Gini=0.3),0.21821223388080369,5000,100,11.36,1.3891353316710973,-0.3,12.42,2.344906364566794,-9.330985915492962,11.954719704172597,12.885280295827403,0.46528029582740316,100,3.8892122929964326,0.00014686588650135863,True,0.3
Array (Gini=0.3),0.21821223388080369,5000,100,11.36,1.3891353316710973,-0.27999999999999997,12.16,1.9935248717137728,-7.042253521126768,11.764441415629136,12.555558584370864,0.395558584370864,100,3.2924770532920937,0.0011992558466774835,True,0.27999999999999997
Array (Gini=0.3),0.21821223388080369,5000,100,11.36,1.3891353316710973,-0.25999999999999995,12.42,1.7762746170430728,-9.330985915492962,12.067548579432854,12.772451420567146,0.35245142056714585,100,4.700746777078822,5.014986398458316e-06,True,0.25999999999999995
Array (Gini=0.3),0.21821223388080369,5000,100,11.36,1.3891353316710973,-0.23999999999999994,12.08,1.8892572427525398,-6.33802816901409,11.705130375316985,12.454869624683015,0.3748696246830144,100,3.0703722726610776,0.0024657846701513857,True,0.23999999999999994
Array (Gini=0.3),0.21821223388080369,5000,100,11.36,1.3891353316710973,-0.21999999999999992,11.84,1.9985853582830617,-4.2253521126760605,11.44343730530577,12.23656269469423,0.3965626946942305,100,1.972114977544214,0.05015827726964032,False,0.21999999999999992
Array (Gini=0.3),0.21821223388080369,5000,100,11.36,1.3891353316710973,-0.1999999999999999,11.75,1.7371461561068393,-3.433098591549301,11.405312514980466,12.094687485019534,0.3446874850195339,100,1.7533848403865375,0.08115825738245423,False,0.1999999999999999
Array (Gini=0.3),0.21821223388080369,5000,100,11.36,1.3891353316710973,-0.17999999999999988,11.76,2.142027737514813,-3.521126760563384,11.33497522526213,12.185024774737869,0.42502477473786826,100,1.5667636472384603,0.11903212715333457,False,0.17999999999999988
Array (Gini=0.3),0.21821223388080369,5000,100,11.36,1.3891353316710973,-0.15999999999999986,11.6,1.901620786634816,-2.1126760563380302,11.222677179981792,11.977322820018207,0.3773228200182078,100,1.0191235702909924,0.3095027692289297,False,0.15999999999999986
Array (Gini=0.3),0.21821223388080369,5000,100,11.36,1.3891353316710973,-0.13999999999999985,11.42,1.9703868255812722,-0.5281690140845114,11.029032505965226,11.810967494034774,0.39096749403477427,100,0.24887651623582713,0.8037433626842464,False,0.13999999999999985
Array (Gini=0.3),0.21821223388080369,5000,100,11.36,1.3891353316710973,-0.11999999999999983,11.66,1.4717542614378958,-2.6408450704225417,11.367972024599979,11.952027975400021,0.29202797540002146,100,1.4823615210855408,0.13983923926788486,False,0.11999999999999983
Array (Gini=0.3),0.21821223388080369,5000,100,11.36,1.3891353316710973,-0.09999999999999981,11.41,1.596049415705459,-0.4401408450704288,11.093309169391171,11.72669083060883,0.31669083060882997,100,0.23630506348123922,0.8134448761290771,False,0.09999999999999981
Array (Gini=0.3),0.21821223388080369,5000,100,11.36,1.3891353316710973,-0.0799999999999998,11.42,1.532015243746193,-0.5281690140845114,11.11601493833891,11.72398506166109,0.30398506166109024,100,0.29013052297026587,0.772022898805046,False,0.0799999999999998
Array (Gini=0.3),0.21821223388080369,5000,100,11.36,1.3891353316710973,-0.059999999999999776,11.38,1.5555699855030567,-0.1760563380281809,11.071341166550672,11.68865883344933,0.3086588334493281,100,0.0958982275216981,0.9236996228792596,False,0.059999999999999776
Array (Gini=0.3),0.21821223388080369,5000,100,11.36,1.3891353316710973,-0.03999999999999976,11.45,1.6598344812210961,-0.7922535211267593,11.120652828566246,11.779347171433752,0.3293471714337519,100,0.4158142959412452,0.6780101749941138,False,0.03999999999999976
Array (Gini=0.3),0.21821223388080369,5000,100,11.36,1.3891353316710973,-0.01999999999999974,11.77,1.2131851391350712,-3.6091549295774663,11.529277748160977,12.010722251839022,0.2407222518390228,100,2.2230419176172314,0.027364516974833372,True,0.01999999999999974
Array (Gini=0.3),0.21821223388080369,5000,100,11.36,1.3891353316710973,2.7755575615628914e-16,11.31,1.4612503294276875,0.4401408450704132,11.020056232595195,11.599943767404806,0.28994376740480643,100,-0.2479947159151425,0.8043961526406757,False,2.7755575615628914e-16
Array (Gini=0.3),0.21821223388080369,5000,100,11.36,1.3891353316710973,0.020000000000000295,11.71,1.165973820244241,-3.0809859154929704,11.478645498085605,11.941354501914397,0.23135450191439605,100,1.9298494792019503,0.05509752289050363,False,0.020000000000000295
Array (Gini=0.3),0.21821223388080369,5000,100,11.36,1.3891353316710973,0.04000000000000031,11.24,1.551278391026139,1.0563380281690073,10.932192712001683,11.547807287998317,0.30780728799831797,100,-0.5762733231499426,0.5650928392812191,False,0.04000000000000031
Array (Gini=0.3),0.21821223388080369,5000,100,11.36,1.3891353316710973,0.06000000000000033,11.74,1.2112269428437872,-3.3450704225352186,11.499666296788533,11.980333703211468,0.24033370321146807,100,2.0618196510804614,0.04055527361295442,True,0.06000000000000033
Array (Gini=0.3),0.21821223388080369,5000,100,11.36,1.3891353316710973,0.08000000000000035,11.47,1.585636283717809,-0.9683098591549403,11.15537536069199,11.784624639308012,0.31462463930801077,100,0.5218054628077695,0.6023990902827052,False,0.08000000000000035
Array (Gini=0.3),0.21821223388080369,5000,100,11.36,1.3891353316710973,0.10000000000000037,11.31,1.983237838291798,0.4401408450704132,10.916482586238798,11.703517413761203,0.3935174137612021,100,-0.20649649097653602,0.8366400530173412,False,0.10000000000000037
Array (Gini=0.3),0.21821223388080369,5000,100,11.36,1.3891353316710973,0.12000000000000038,11.68,1.5300359802991892,-2.8169014084507067,11.376407667147214,11.983592332852785,0.3035923328527856,100,1.5484603394646532,0.1231231640703632,False,0.12000000000000038
Array (Gini=0.3),0.21821223388080369,5000,100,11.36,1.3891353316710973,0.1400000000000004,11.37,1.9261884695434193,-0.08802816901408263,10.987802418693137,11.752197581306861,0.3821975813068618,100,0.04210797312333058,0.9664592815196487,False,0.1400000000000004
Array (Gini=0.3),0.21821223388080369,5000,100,11.36,1.3891353316710973,0.16000000000000042,11.66,1.7245699214996806,-2.6408450704225417,11.317807912769833,12.002192087230167,0.3421920872301665,100,1.3547313481366456,0.17711686663229853,False,0.16000000000000042
Array (Gini=0.3),0.21821223388080369,5000,100,11.36,1.3891353316710973,0.18000000000000044,11.76,1.9649453175623237,-3.521126760563384,11.370112219210522,12.149887780789477,0.38988778078947744,100,1.662241777049839,0.09822252274204189,False,0.18000000000000044
Array (Gini=0.3),0.21821223388080369,5000,100,11.36,1.3891353316710973,0.20000000000000046,11.79,1.9347695814575268,-3.7852112676056313,11.406099739920862,12.173900260079137,0.38390026007913836,100,1.805347894815002,0.07269466408851837,False,0.20000000000000046
Array (Gini=0.3),0.21821223388080369,5000,100,11.36,1.3891353316710973,0.22000000000000047,11.78,1.9205428525510302,-3.6971830985915486,11.39892263158694,12.161077368413059,0.38107736841305945,100,1.7719497242423998,0.07809164903594379,False,0.22000000000000047
Array (Gini=0.3),0.21821223388080369,5000,100,11.36,1.3891353316710973,0.2400000000000005,12.06,1.8792863463871523,-6.161971830985926,11.68710881747598,12.43289118252402,0.3728911825240206,100,2.9953355763444227,0.0031226837285629142,True,0.2400000000000005
Array (Gini=0.3),0.21821223388080369,5000,100,11.36,1.3891353316710973,0.2600000000000005,12.11,2.1503816903381163,-6.602112676056339,11.683317619781722,12.536682380218277,0.42668238021827853,100,2.9296342185135336,0.003861554447396946,True,0.2600000000000005
Array (Gini=0.3),0.21821223388080369,5000,100,11.36,1.3891353316710973,0.2800000000000005,11.69,2.2051134330290703,-2.9049295774647894,11.252457654618421,12.127542345381578,0.43754234538157877,100,1.266216582254079,0.2072001580066977,False,0.2800000000000005
Array (Gini=0.3),0.21821223388080369,5000,100,11.36,1.3891353316710973,0.30000000000000054,12.18,2.3284798006034286,-7.218309859154933,11.717979090839712,12.642020909160287,0.46202090916028804,100,3.024303862041443,0.0028997465495218004,True,0.30000000000000054
Array (Gini=0.3),0.37918379841036987,5000,100,11.43,1.609661486465431,-0.3,12.39,1.88505552794456,-8.398950131233605,12.015964086691726,12.764035913308275,0.3740359133082745,100,3.8728432719439625,0.0001471562061685567,True,0.3
Array (Gini=0.3),0.37918379841036987,5000,100,11.43,1.609661486465431,-0.27999999999999997,12.1,2.0621651855574648,-5.861767279090113,11.690821688200582,12.509178311799417,0.40917831179941694,100,2.561147230617238,0.011221667211922751,True,0.27999999999999997
Array (Gini=0.3),0.37918379841036987,5000,100,11.43,1.609661486465431,-0.25999999999999995,12.15,1.8822670620635353,-6.2992125984252025,11.77651737881871,12.52348262118129,0.3734826211812913,100,2.907118642318163,0.0040739587493934335,True,0.25999999999999995
Array (Gini=0.3),0.37918379841036987,5000,100,11.43,1.609661486465431,-0.23999999999999994,11.62,2.008969784730372,-1.6622922134733116,11.221376809806923,12.018623190193075,0.3986231901930753,100,0.7380675450996674,0.46138876986430455,False,0.23999999999999994
Array (Gini=0.3),0.37918379841036987,5000,100,11.43,1.609661486465431,-0.21999999999999992,11.76,2.1701370808073275,-2.8871391076115493,11.329397721716454,12.190602278283546,0.43060227828354675,100,1.2213425482642546,0.2235307036984515,False,0.21999999999999992
Array (Gini=0.3),0.37918379841036987,5000,100,11.43,1.609661486465431,-0.1999999999999999,11.85,1.7602513594611562,-3.6745406824146976,11.500727941364097,12.199272058635902,0.349272058635903,100,1.7608097416464474,0.07982664576803436,False,0.1999999999999999
Array (Gini=0.3),0.37918379841036987,5000,100,11.43,1.609661486465431,-0.17999999999999988,11.7,1.7724034928351222,-2.3622047244094455,11.348316694460335,12.051683305539663,0.35168330553966476,100,1.127702653084982,0.2608227568001631,False,0.17999999999999988
Array (Gini=0.3),0.37918379841036987,5000,100,11.43,1.609661486465431,-0.15999999999999986,11.41,1.875385482259769,0.17497812773402951,11.037882833548688,11.782117166451313,0.372117166451312,100,-0.08092404979745323,0.9355859701132311,False,0.15999999999999986
Array (Gini=0.3),0.37918379841036987,5000,100,11.43,1.609661486465431,-0.13999999999999985,11.71,1.5653766449018078,-2.4496937882764755,11.399395312569006,12.020604687430996,0.31060468743099545,100,1.2470441911120342,0.21385553099893304,False,0.13999999999999985
Array (Gini=0.3),0.37918379841036987,5000,100,11.43,1.609661486465431,-0.11999999999999983,11.51,1.5008078632603983,-0.6999125109361336,11.212207159676119,11.80779284032388,0.29779284032388076,100,0.36350741860176594,0.7166155836852445,False,0.11999999999999983
Array (Gini=0.3),0.37918379841036987,5000,100,11.43,1.609661486465431,-0.09999999999999981,11.3,1.72034762754391,1.1373578302712075,10.958645707493963,11.641354292506039,0.34135429250603716,100,-0.5517891410766194,0.5817177974877077,False,0.09999999999999981
Array (Gini=0.3),0.37918379841036987,5000,100,11.43,1.609661486465431,-0.0799999999999998,11.62,1.5425284241769872,-1.6622922134733116,11.313928895256403,11.926071104743595,0.30607110474359533,100,0.8522318368765878,0.395116940278466,False,0.0799999999999998
Array (Gini=0.3),0.37918379841036987,5000,100,11.43,1.609661486465431,-0.059999999999999776,11.42,1.7533805731624366,0.08748906386701476,11.072091254428509,11.767908745571491,0.3479087455714917,100,-0.04201327065063561,0.9665307627399663,False,0.059999999999999776
Array (Gini=0.3),0.37918379841036987,5000,100,11.43,1.609661486465431,-0.03999999999999976,11.32,1.4556056742084647,0.962379702537178,11.031176254652333,11.608823745347667,0.2888237453476661,100,-0.5068641156067283,0.612819832683748,False,0.03999999999999976
Array (Gini=0.3),0.37918379841036987,5000,100,11.43,1.609661486465431,-0.01999999999999974,11.49,1.5602058916189312,-0.5249343832021041,11.1804213022006,11.7995786977994,0.3095786977994002,100,0.26765311684113646,0.7892452162735454,False,0.01999999999999974
Array (Gini=0.3),0.37918379841036987,5000,100,11.43,1.609661486465431,2.7755575615628914e-16,11.27,1.7106617539313949,1.3998250218722672,10.930567594955175,11.609432405044824,0.33943240504482486,100,-0.6811672841188883,0.49656445700884255,False,2.7755575615628914e-16
Array (Gini=0.3),0.37918379841036987,5000,100,11.43,1.609661486465431,0.020000000000000295,11.58,1.3572104486851706,-1.3123359580052525,11.310700002095418,11.849299997904582,0.26929999790458203,100,0.7124278838197313,0.4770624428997037,False,0.020000000000000295
Array (Gini=0.3),0.37918379841036987,5000,100,11.43,1.609661486465431,0.04000000000000031,11.54,1.3737804508991702,-0.962379702537178,11.267412154167461,11.812587845832537,0.27258784583253753,100,0.519800779042181,0.6037973973158637,False,0.04000000000000031
Array (Gini=0.3),0.37918379841036987,5000,100,11.43,1.609661486465431,0.06000000000000033,11.5,1.2350111437766564,-0.6124234470691189,11.254946995321623,11.745053004678377,0.24505300467837687,100,0.34502177258501393,0.7304687656312703,False,0.06000000000000033
Array (Gini=0.3),0.37918379841036987,5000,100,11.43,1.609661486465431,0.08000000000000035,11.33,1.8805490279343016,0.8748906386701631,10.956858274062958,11.703141725937042,0.37314172593704165,100,-0.4039794140600142,0.6866742177741587,False,0.08000000000000035
Array (Gini=0.3),0.37918379841036987,5000,100,11.43,1.609661486465431,0.10000000000000037,11.72,1.5313557735061127,-2.53718285214349,11.41614579154185,12.023854208458152,0.303854208458152,100,1.3052922401820457,0.19331188203571015,False,0.10000000000000037
Array (Gini=0.3),0.37918379841036987,5000,100,11.43,1.609661486465431,0.12000000000000038,11.59,1.9545078690302093,-1.3998250218722672,11.202183235441314,11.977816764558685,0.38781676455868536,100,0.6319072393150656,0.5282031865500558,False,0.12000000000000038
Array (Gini=0.3),0.37918379841036987,5000,100,11.43,1.609661486465431,0.1400000000000004,11.86,1.5955746882733461,-3.762029746281712,11.543403365612983,12.176596634387016,0.3165966343870156,100,1.8972266809090879,0.059253511342544904,False,0.1400000000000004
Array (Gini=0.3),0.37918379841036987,5000,100,11.43,1.609661486465431,0.16000000000000042,11.37,1.862197029795123,0.5249343832021041,11.000499708643138,11.73950029135686,0.36950029135686024,100,-0.2437577185395475,0.8076761268562364,False,0.16000000000000042
Array (Gini=0.3),0.37918379841036987,5000,100,11.43,1.609661486465431,0.18000000000000044,11.75,1.811160685942313,-2.7996500437445344,11.390626426504717,12.109373573495283,0.3593735734952831,100,1.3206336434627417,0.18816894222203745,False,0.18000000000000044
Array (Gini=0.3),0.37918379841036987,5000,100,11.43,1.609661486465431,0.20000000000000046,11.55,1.8929694486000912,-1.0498687664042081,11.174393793139966,11.925606206860035,0.3756062068600345,100,0.48293185684205414,0.6296914265820968,False,0.20000000000000046
Array (Gini=0.3),0.37918379841036987,5000,100,11.43,1.609661486465431,0.22000000000000047,11.95,2.1290439833005523,-4.549431321084861,11.527551483782746,12.372448516217252,0.4224485162172525,100,1.94825731050592,0.05290276023094923,False,0.22000000000000047
Array (Gini=0.3),0.37918379841036987,5000,100,11.43,1.609661486465431,0.2400000000000005,12.38,1.8628749368390327,-8.31146106736659,12.010365197178333,12.749634802821669,0.3696348028216675,100,3.858693158332604,0.00015513391027819172,True,0.2400000000000005
Array (Gini=0.3),0.37918379841036987,5000,100,11.43,1.609661486465431,0.2600000000000005,11.72,2.348780040099046,-2.53718285214349,11.253951082907024,12.186048917092977,0.4660489170929771,100,1.0184672762093727,0.30986038874354455,False,0.2600000000000005
Array (Gini=0.3),0.37918379841036987,5000,100,11.43,1.609661486465431,0.2800000000000005,12.36,2.337744747625477,-8.136482939632543,11.896140724346113,12.823859275653886,0.4638592756538859,100,3.276586112203748,0.001266161914369352,True,0.2800000000000005
Array (Gini=0.3),0.37918379841036987,5000,100,11.43,1.609661486465431,0.30000000000000054,12.4,2.2473328748774737,-8.486439195100619,11.954080401398539,12.845919598601462,0.44591959860146246,100,3.5089889046286893,0.0005686444042571653,True,0.30000000000000054
Array (Gini=0.4),0.4000399919919959,5000,100,11.57,1.57155909204776,-0.3,12.19,2.2948999229956972,-5.358686257562655,11.734642067077596,12.645357932922403,0.45535793292240334,100,2.2290676651235075,0.027081318626611485,True,0.3
Array (Gini=0.4),0.4000399919919959,5000,100,11.57,1.57155909204776,-0.27999999999999997,12.49,2.401577764215799,-7.951598962834917,12.01347486898767,12.96652513101233,0.4765251310123311,100,3.205482734090613,0.0016097084983205064,True,0.27999999999999997
Array (Gini=0.4),0.4000399919919959,5000,100,11.57,1.57155909204776,-0.25999999999999995,11.97,2.0668377250810432,-3.457216940363011,11.559894554987656,12.380105445012346,0.41010544501234486,100,1.5405577400701183,0.1251350532619683,False,0.25999999999999995
Array (Gini=0.4),0.4000399919919959,5000,100,11.57,1.57155909204776,-0.23999999999999994,12.06,1.8953425105566626,-4.235090751944686,11.683922926163845,12.436077073836156,0.37607707383615546,100,1.9901406570997042,0.047998549278552176,True,0.23999999999999994
Array (Gini=0.4),0.4000399919919959,5000,100,11.57,1.57155909204776,-0.21999999999999992,11.71,1.876462392671676,-1.2100259291270576,11.337669151159233,12.082330848840769,0.3723308488407681,100,0.5719810899173747,0.5680035517310282,False,0.21999999999999992
Array (Gini=0.4),0.4000399919919959,5000,100,11.57,1.57155909204776,-0.1999999999999999,11.91,1.8968075252588987,-2.9386343993085555,11.533632235463205,12.286367764536795,0.37636776453679405,100,1.380281599224586,0.16911004132328036,False,0.1999999999999999
Array (Gini=0.4),0.4000399919919959,5000,100,11.57,1.57155909204776,-0.17999999999999988,11.52,1.8117461859830815,0.4321521175453821,11.160510250594116,11.879489749405883,0.35948974940588324,100,-0.20847413309194635,0.835077351322099,False,0.17999999999999988
Array (Gini=0.4),0.4000399919919959,5000,100,11.57,1.57155909204776,-0.15999999999999986,11.8,1.6391670710664874,-1.987899740708733,11.474753691123505,12.125246308876497,0.3252463088764962,100,1.0128457416826788,0.31237212900018857,False,0.15999999999999986
Array (Gini=0.4),0.4000399919919959,5000,100,11.57,1.57155909204776,-0.13999999999999985,11.36,1.6300213792983504,1.8150388936905866,11.036568394787464,11.683431605212535,0.3234316052125351,100,-0.9274648856835229,0.35481589411148184,False,0.13999999999999985
Array (Gini=0.4),0.4000399919919959,5000,100,11.57,1.57155909204776,-0.11999999999999983,11.71,1.6099124764465247,-1.2100259291270576,11.39055843737895,12.029441562621052,0.3194415626210517,100,0.6222765447805327,0.5344763967708941,False,0.11999999999999983
Array (Gini=0.4),0.4000399919919959,5000,100,11.57,1.57155909204776,-0.09999999999999981,11.5,1.507556722888818,0.6050129645635288,11.200868039508313,11.799131960491687,0.29913196049168705,100,-0.3214350370709527,0.7482203788835813,False,0.09999999999999981
Array (Gini=0.4),0.4000399919919959,5000,100,11.57,1.57155909204776,-0.0799999999999998,11.46,1.234356659817722,0.9507346585998222,11.215076859138204,11.704923140861798,0.24492314086179606,100,-0.5504519453371524,0.5826647053097793,False,0.0799999999999998
Array (Gini=0.4),0.4000399919919959,5000,100,11.57,1.57155909204776,-0.059999999999999776,11.18,1.539906857999253,3.3707865168539373,10.87444907086134,11.48555092913866,0.30555092913865917,100,-1.7725238266632868,0.07784595890918933,False,0.059999999999999776
Array (Gini=0.4),0.4000399919919959,5000,100,11.57,1.57155909204776,-0.03999999999999976,11.13,1.5351438586225938,3.802938634399304,10.825394153271661,11.43460584672834,0.3046058467283399,100,-2.0028024399144275,0.0465632280639089,True,0.03999999999999976
Array (Gini=0.4),0.4000399919919959,5000,100,11.57,1.57155909204776,-0.01999999999999974,11.53,1.445683229480096,0.34572169403630876,11.243145082955378,11.81685491704462,0.28685491704462235,100,-0.18732131177998246,0.8516018569406885,False,0.01999999999999974
Array (Gini=0.4),0.4000399919919959,5000,100,11.57,1.57155909204776,2.7755575615628914e-16,11.31,1.8732298041057054,2.2471910112359534,10.938310566862217,11.681689433137784,0.37168943313778297,100,-1.0633268375750455,0.288967941144123,False,2.7755575615628914e-16
Array (Gini=0.4),0.4000399919919959,5000,100,11.57,1.57155909204776,0.020000000000000295,11.32,1.5101006722745476,2.16076058772688,11.020363264758819,11.619636735241182,0.2996367352411815,100,-1.1470542771767065,0.2527455655656601,False,0.020000000000000295
Array (Gini=0.4),0.4000399919919959,5000,100,11.57,1.57155909204776,0.04000000000000031,11.59,1.3416031417296956,-0.17286084701814672,11.323796830398264,11.856203169601736,0.2662031696017368,100,0.09679021822955602,0.922993300837714,False,0.04000000000000031
Array (Gini=0.4),0.4000399919919959,5000,100,11.57,1.57155909204776,0.06000000000000033,11.38,1.91633066883647,1.6421780466724243,10.999758420219871,11.76024157978013,0.38024157978012957,100,-0.7666451799949371,0.4442405623778449,False,0.06000000000000033
Array (Gini=0.4),0.4000399919919959,5000,100,11.57,1.57155909204776,0.08000000000000035,11.5,1.6787441193290353,0.6050129645635288,11.16690074611818,11.83309925388182,0.33309925388181866,100,-0.30440595654552266,0.7611397125057324,False,0.08000000000000035
Array (Gini=0.4),0.4000399919919959,5000,100,11.57,1.57155909204776,0.10000000000000037,11.32,1.7048949136725895,2.16076058772688,10.981711861174992,11.658288138825009,0.3382881388250084,100,-1.0781808440158487,0.28227347199373687,False,0.10000000000000037
Array (Gini=0.4),0.4000399919919959,5000,100,11.57,1.57155909204776,0.12000000000000038,11.66,1.7991019083886484,-0.7778738115816755,11.303019149588362,12.016980850411638,0.35698085041163774,100,0.3767515955612434,0.7067689412832971,False,0.12000000000000038
Array (Gini=0.4),0.4000399919919959,5000,100,11.57,1.57155909204776,0.1400000000000004,11.46,1.6540125681981912,0.9507346585998222,11.131808022417275,11.788191977582727,0.3281919775827262,100,-0.48212443426712315,0.6302514562907815,False,0.1400000000000004
Array (Gini=0.4),0.4000399919919959,5000,100,11.57,1.57155909204776,0.16000000000000042,11.66,1.730417127268288,-0.7778738115816755,11.31664770028933,12.00335229971067,0.3433522997106695,100,0.385018452543945,0.7006408145628175,False,0.16000000000000042
Array (Gini=0.4),0.4000399919919959,5000,100,11.57,1.57155909204776,0.18000000000000044,11.72,1.589612747454136,-1.2964563526361308,11.404586344016721,12.03541365598328,0.31541365598327875,100,0.6710441119132367,0.5029745867334474,False,0.18000000000000044
Array (Gini=0.4),0.4000399919919959,5000,100,11.57,1.57155909204776,0.20000000000000046,11.69,1.7273498122086834,-1.0371650821088956,11.347256322143018,12.032743677856981,0.3427436778569809,100,0.5138568846907281,0.6079301164966506,False,0.20000000000000046
Array (Gini=0.4),0.4000399919919959,5000,100,11.57,1.57155909204776,0.22000000000000047,11.65,2.109981090441382,-0.6914433880726022,11.231333975298345,12.068666024701656,0.4186660247016565,100,0.3040744244125492,0.7614166797058951,False,0.22000000000000047
Array (Gini=0.4),0.4000399919919959,5000,100,11.57,1.57155909204776,0.2400000000000005,11.93,2.0609647637880073,-3.111495246326702,11.521059877922974,12.338940122077025,0.40894012207702524,100,1.3890015960471511,0.16650167835961985,False,0.2400000000000005
Array (Gini=0.4),0.4000399919919959,5000,100,11.57,1.57155909204776,0.2600000000000005,12.11,2.1028840225084244,-4.667242869490053,11.692742187548202,12.527257812451797,0.4172578124517982,100,2.056949698852252,0.04110760611685584,True,0.2600000000000005
Array (Gini=0.4),0.4000399919919959,5000,100,11.57,1.57155909204776,0.2800000000000005,11.81,2.097112011285708,-2.0743301642178062,11.393887479799444,12.226112520200557,0.416112520200557,100,0.9158119759162647,0.36096724175193595,False,0.2800000000000005
Array (Gini=0.4),0.4000399919919959,5000,100,11.57,1.57155909204776,0.30000000000000054,12.68,1.9892641144834733,-9.593777009507342,12.285286842301398,13.074713157698602,0.39471315769860166,100,4.378444536261931,1.9818318928702704e-05,True,0.30000000000000054
Array (Gini=0.5),0.38081674448654823,5000,100,11.43,1.3428072509229734,-0.3,12.33,2.3314061305260707,-7.874015748031499,11.86739844349589,12.79260155650411,0.46260155650410945,100,3.3451503671376894,0.0010271316786378826,True,0.3
Array (Gini=0.5),0.38081674448654823,5000,100,11.43,1.3428072509229734,-0.27999999999999997,12.13,2.125625279366716,-6.124234470691173,11.708229828812518,12.551770171187483,0.42177017118748167,100,2.784139027361557,0.00598592513348115,True,0.27999999999999997
Array (Gini=0.5),0.38081674448654823,5000,100,11.43,1.3428072509229734,-0.25999999999999995,12.24,2.296769800208875,-7.086614173228351,11.784271042871234,12.695728957128766,0.455728957128766,100,3.044535644169624,0.0027265691514853883,True,0.25999999999999995
Array (Gini=0.5),0.38081674448654823,5000,100,11.43,1.3428072509229734,-0.23999999999999994,11.71,2.1095980755594277,-2.4496937882764755,11.291409973760489,12.128590026239513,0.41859002623951114,100,1.1196833666462083,0.2644477950640219,False,0.23999999999999994
Array (Gini=0.5),0.38081674448654823,5000,100,11.43,1.3428072509229734,-0.21999999999999992,11.89,1.9169367398655763,-4.024496937882772,11.509638162578893,12.270361837421108,0.38036183742110663,100,1.965421157040807,0.05092738176326816,False,0.21999999999999992
Array (Gini=0.5),0.38081674448654823,5000,100,11.43,1.3428072509229734,-0.1999999999999999,11.74,1.7443704545847716,-2.7121609798775195,11.3938790574302,12.086120942569801,0.346120942569801,100,1.4082241874672519,0.16073541304678798,False,0.1999999999999999
Array (Gini=0.5),0.38081674448654823,5000,100,11.43,1.3428072509229734,-0.17999999999999988,11.57,1.970771268803002,-1.2248468941382378,11.17895622408948,11.96104377591052,0.3910437759105191,100,0.5870616647117534,0.557920539194675,False,0.17999999999999988
Array (Gini=0.5),0.38081674448654823,5000,100,11.43,1.3428072509229734,-0.15999999999999986,11.73,1.6748586552755773,-2.624671916010505,11.397671706482116,12.062328293517885,0.3323282935178838,100,1.3974995989639458,0.16390113696305889,False,0.15999999999999986
Array (Gini=0.5),0.38081674448654823,5000,100,11.43,1.3428072509229734,-0.13999999999999985,11.54,1.6902572872109431,-0.962379702537178,11.204616283830497,11.875383716169502,0.33538371616950335,100,0.5095596374990854,0.6109564607156858,False,0.13999999999999985
Array (Gini=0.5),0.38081674448654823,5000,100,11.43,1.3428072509229734,-0.11999999999999983,11.53,1.6542262984442746,-0.8748906386701631,11.201765613699541,11.858234386300458,0.3282343863004591,100,0.4693441397299205,0.6393618993956318,False,0.11999999999999983
Array (Gini=0.5),0.38081674448654823,5000,100,11.43,1.3428072509229734,-0.09999999999999981,11.62,1.7452967100354615,-1.6622922134733116,11.27369526825353,11.966304731746469,0.3463047317464697,100,0.862817439439721,0.38935021457006136,False,0.09999999999999981
Array (Gini=0.5),0.38081674448654823,5000,100,11.43,1.3428072509229734,-0.0799999999999998,11.51,1.5985789143656768,-0.6999125109361336,11.192807261979128,11.827192738020871,0.3171927380208723,100,0.38319266231783417,0.7020002478538536,False,0.0799999999999998
Array (Gini=0.5),0.38081674448654823,5000,100,11.43,1.3428072509229734,-0.059999999999999776,11.34,1.3942160463279656,0.7874015748031484,11.063357288681063,11.616642711318937,0.2766427113189364,100,-0.4649458964389793,0.6424818277530789,False,0.059999999999999776
Array (Gini=0.5),0.38081674448654823,5000,100,11.43,1.3428072509229734,-0.03999999999999976,11.39,1.4832056465301735,0.34995625546805903,11.095699821358144,11.684300178641857,0.2943001786418566,100,-0.199924285441159,0.8417469925605687,False,0.03999999999999976
Array (Gini=0.5),0.38081674448654823,5000,100,11.43,1.3428072509229734,-0.01999999999999974,11.54,1.3213094209376492,-0.962379702537178,11.27782354487874,11.80217645512126,0.2621764551212605,100,0.5839024580753708,0.5599507134599235,False,0.01999999999999974
Array (Gini=0.5),0.38081674448654823,5000,100,11.43,1.3428072509229734,2.7755575615628914e-16,11.52,1.2266403159225057,-0.7874015748031484,11.27660794917426,11.76339205082574,0.24339205082574017,100,0.49485087991132065,0.621258508484937,False,2.7755575615628914e-16
Array (Gini=0.5),0.38081674448654823,5000,100,11.43,1.3428072509229734,0.020000000000000295,11.46,1.4867767318952265,-0.26246719160105986,11.164991240546483,11.755008759453519,0.29500875945351884,100,0.14974497006207535,0.8811198186532844,False,0.020000000000000295
Array (Gini=0.5),0.38081674448654823,5000,100,11.43,1.3428072509229734,0.04000000000000031,11.49,1.466769968813836,-0.5249343832021041,11.198961016391573,11.781038983608427,0.29103898360842756,100,0.3017192117824488,0.7631852356196067,False,0.04000000000000031
Array (Gini=0.5),0.38081674448654823,5000,100,11.43,1.3428072509229734,0.06000000000000033,11.5,1.2673044646258476,-0.6124234470691189,11.248539299856676,11.751460700143324,0.2514607001433242,100,0.37911617572201306,0.705009198534968,False,0.06000000000000033
Array (Gini=0.5),0.38081674448654823,5000,100,11.43,1.3428072509229734,0.08000000000000035,11.47,1.7434147382349816,-0.3499562554680746,11.124068692288409,11.815931307711592,0.3459313077115923,100,0.18176887313449433,0.8559621746404077,False,0.08000000000000035
Array (Gini=0.5),0.38081674448654823,5000,100,11.43,1.3428072509229734,0.10000000000000037,11.57,1.4372743564669814,-1.2248468941382378,11.284813585792948,11.855186414207052,0.28518641420705176,100,0.7117621788180857,0.4774536723026256,False,0.10000000000000037
Array (Gini=0.5),0.38081674448654823,5000,100,11.43,1.3428072509229734,0.12000000000000038,11.91,1.429098748275721,-4.199475065616802,11.626435803829148,12.193564196170852,0.28356419617085254,100,2.447751899540094,0.015249745729263502,True,0.12000000000000038
Array (Gini=0.5),0.38081674448654823,5000,100,11.43,1.3428072509229734,0.1400000000000004,11.28,1.9336467875467584,1.3123359580052525,10.896322526591941,11.663677473408057,0.38367747340805863,100,-0.6371669621508297,0.5248418451482988,False,0.1400000000000004
Array (Gini=0.5),0.38081674448654823,5000,100,11.43,1.3428072509229734,0.16000000000000042,11.49,1.7551943113818114,-0.5249343832021041,11.14173136941646,11.83826863058354,0.34826863058353996,100,0.2715004842105779,0.7863083323854156,False,0.16000000000000042
Array (Gini=0.5),0.38081674448654823,5000,100,11.43,1.3428072509229734,0.18000000000000044,11.71,1.7482747628632767,-2.4496937882764755,11.363104357963188,12.056895642036814,0.3468956420368136,100,1.2701585915313236,0.20561772563853623,False,0.18000000000000044
Array (Gini=0.5),0.38081674448654823,5000,100,11.43,1.3428072509229734,0.20000000000000046,12.02,1.8747659786617301,-5.1618547681539795,11.648005756502762,12.391994243497237,0.37199424349723703,100,2.558484525648158,0.011338869312593798,True,0.20000000000000046
Array (Gini=0.5),0.38081674448654823,5000,100,11.43,1.3428072509229734,0.22000000000000047,12.19,1.7735144587382239,-6.649168853893261,11.838096254722586,12.541903745277413,0.351903745277413,100,3.4164688853881673,0.0007803913808682014,True,0.22000000000000047
Array (Gini=0.5),0.38081674448654823,5000,100,11.43,1.3428072509229734,0.2400000000000005,12.04,2.0046410797411736,-5.336832895888009,11.642235718788688,12.43776428121131,0.3977642812113105,100,2.5281584156076726,0.012361621106685556,True,0.2400000000000005
Array (Gini=0.5),0.38081674448654823,5000,100,11.43,1.3428072509229734,0.2600000000000005,11.65,2.4756388829528184,-1.9247594050743715,11.1587795362631,12.1412204637369,0.4912204637369002,100,0.7811483869175737,0.43592529657343215,False,0.2600000000000005
Array (Gini=0.5),0.38081674448654823,5000,100,11.43,1.3428072509229734,0.2800000000000005,11.84,2.2006426976745415,-3.5870516185476826,11.403344745506038,12.276655254493962,0.4366552544939622,100,1.5903950245357097,0.11367460671776934,False,0.2800000000000005
Array (Gini=0.5),0.38081674448654823,5000,100,11.43,1.3428072509229734,0.30000000000000054,12.2,2.4781876727588936,-6.736657917760276,11.708273801069195,12.691726198930803,0.4917261989308049,100,2.7318459024179456,0.007041353620508527,True,0.30000000000000054
Array (Gini=0.5),0.37505625468613957,5000,100,11.55,1.395338559980945,-0.3,12.63,2.312264183990587,-9.35064935064935,12.17119662097595,13.088803379024052,0.4588033790240515,100,3.999030433970431,9.631267208184384e-05,True,0.3
Array (Gini=0.5),0.37505625468613957,5000,100,11.55,1.395338559980945,-0.27999999999999997,12.13,2.592354726942868,-5.021645021645022,11.615620580647631,12.64437941935237,0.5143794193523702,100,1.970093156239735,0.05064573477815499,False,0.27999999999999997
Array (Gini=0.5),0.37505625468613957,5000,100,11.55,1.395338559980945,-0.25999999999999995,12.53,2.0471956674949516,-8.484848484848474,12.123791965350138,12.93620803464986,0.40620803464986155,100,3.9556089270811605,0.00011082789782911482,True,0.25999999999999995
Array (Gini=0.5),0.37505625468613957,5000,100,11.55,1.395338559980945,-0.23999999999999994,11.8,2.035046471561311,-2.1645021645021645,11.396202629402012,12.20379737059799,0.40379737059798854,100,1.0131855713904676,0.3123684361548675,False,0.23999999999999994
Array (Gini=0.5),0.37505625468613957,5000,100,11.55,1.395338559980945,-0.21999999999999992,11.73,2.1218202591457205,-1.5584415584415559,11.308984827374852,12.151015172625149,0.4210151726251485,100,0.7087992602398819,0.47941347697770864,False,0.21999999999999992
Array (Gini=0.5),0.37505625468613957,5000,100,11.55,1.395338559980945,-0.1999999999999999,11.69,2.092289838353369,-1.2121212121212015,11.274844303526988,12.10515569647301,0.4151556964730116,100,0.5566854989037173,0.5784637424861021,False,0.1999999999999999
Array (Gini=0.5),0.37505625468613957,5000,100,11.55,1.395338559980945,-0.17999999999999988,11.79,1.6775101800109602,-2.0779220779220644,11.457145586449386,12.122854413550613,0.3328544135506129,100,1.099921497601905,0.2727460654953603,False,0.17999999999999988
Array (Gini=0.5),0.37505625468613957,5000,100,11.55,1.395338559980945,-0.15999999999999986,11.46,1.9970685587337327,0.7792207792207779,11.063738271243553,11.856261728756449,0.3962617287564486,100,-0.3694221305816528,0.7122545448307105,False,0.15999999999999986
Array (Gini=0.5),0.37505625468613957,5000,100,11.55,1.395338559980945,-0.13999999999999985,12.03,1.4316410023451966,-4.155844155844144,11.745931365467177,12.314068634532822,0.2840686345328221,100,2.4010309669580545,0.017274601748044648,True,0.13999999999999985
Array (Gini=0.5),0.37505625468613957,5000,100,11.55,1.395338559980945,-0.11999999999999983,11.69,1.6124202274528157,-1.2121212121212015,11.370060845173263,12.009939154826736,0.3199391548267363,100,0.6565560833712549,0.5122444305905705,False,0.11999999999999983
Array (Gini=0.5),0.37505625468613957,5000,100,11.55,1.395338559980945,-0.09999999999999981,11.59,1.531454712145787,-0.3463203463203389,11.286126159969248,11.893873840030752,0.30387384003075213,100,0.19306954888934116,0.847104103788075,False,0.09999999999999981
Array (Gini=0.5),0.37505625468613957,5000,100,11.55,1.395338559980945,-0.0799999999999998,11.63,1.4815702835338271,-0.6926406926406933,11.336024312856066,11.923975687143935,0.2939756871439345,100,0.3930826548766104,0.6946828459383432,False,0.0799999999999998
Array (Gini=0.5),0.37505625468613957,5000,100,11.55,1.395338559980945,-0.059999999999999776,11.29,1.3801990780135651,2.2510822510822646,11.016138559294882,11.563861440705116,0.2738614407051171,100,-1.3247525499949888,0.18678031969485873,False,0.059999999999999776
Array (Gini=0.5),0.37505625468613957,5000,100,11.55,1.395338559980945,-0.03999999999999976,11.25,1.6537377315791295,2.5974025974026036,10.921862555965118,11.578137444034882,0.3281374440348825,100,-1.3864811924751765,0.16720328025604142,False,0.03999999999999976
Array (Gini=0.5),0.37505625468613957,5000,100,11.55,1.395338559980945,-0.01999999999999974,11.63,1.2605514265550213,-0.6926406926406933,11.379879249118108,11.880120750881893,0.25012075088189256,100,0.42543806044863386,0.670984134820423,False,0.01999999999999974
Array (Gini=0.5),0.37505625468613957,5000,100,11.55,1.395338559980945,2.7755575615628914e-16,11.19,1.7848690640373528,3.1168831168831272,10.835843254691364,11.544156745308635,0.35415674530863517,100,-1.589016498504221,0.11374502564488141,False,2.7755575615628914e-16
Array (Gini=0.5),0.37505625468613957,5000,100,11.55,1.395338559980945,0.020000000000000295,11.36,1.4874559665836338,1.645021645021656,11.064856465648202,11.655143534351797,0.29514353435179785,100,-0.9316081952081916,0.35267819918874854,False,0.020000000000000295
Array (Gini=0.5),0.37505625468613957,5000,100,11.55,1.395338559980945,0.04000000000000031,11.45,1.4659433478105144,0.8658008658008781,11.159125035932298,11.7408749640677,0.29087496406770114,100,-0.494108321415698,0.6217787260374792,False,0.04000000000000031
Array (Gini=0.5),0.37505625468613957,5000,100,11.55,1.395338559980945,0.06000000000000033,11.38,1.529375656596475,1.471861471861471,11.076538689695656,11.683461310304345,0.30346131030434476,100,-0.8211545148985459,0.4125541075501853,False,0.06000000000000033
Array (Gini=0.5),0.37505625468613957,5000,100,11.55,1.395338559980945,0.08000000000000035,11.14,1.9281015942049728,3.549783549783551,10.757422813254758,11.522577186745243,0.38257718674524227,100,-1.7226669578304183,0.08666268688377564,False,0.08000000000000035
Array (Gini=0.5),0.37505625468613957,5000,100,11.55,1.395338559980945,0.10000000000000037,11.58,1.621696330975374,-0.25974025974025416,11.258220264987923,11.901779735012077,0.32177973501207724,100,0.1402287389423182,0.8886249849034864,False,0.10000000000000037
Array (Gini=0.5),0.37505625468613957,5000,100,11.55,1.395338559980945,0.12000000000000038,11.51,1.5340907220351552,0.3463203463203543,11.205603118418566,11.814396881581434,0.30439688158143496,100,-0.19288806692144367,0.8472461031238561,False,0.12000000000000038
Array (Gini=0.5),0.37505625468613957,5000,100,11.55,1.395338559980945,0.1400000000000004,11.49,1.5537182511769643,0.5194805194805238,11.181708590814624,11.798291409185376,0.3082914091853758,100,-0.28731460575367856,0.7741753544878291,False,0.1400000000000004
Array (Gini=0.5),0.37505625468613957,5000,100,11.55,1.395338559980945,0.16000000000000042,11.72,1.658038271298618,-1.471861471861471,11.391009235583914,12.048990764416088,0.328990764416087,100,0.784480359272312,0.4337231651830077,False,0.16000000000000042
Array (Gini=0.5),0.37505625468613957,5000,100,11.55,1.395338559980945,0.18000000000000044,11.38,1.8951293231637654,1.471861471861471,11.003965227167729,11.756034772832272,0.37603477283227194,100,-0.7223595776436207,0.4710007955037586,False,0.18000000000000044
Array (Gini=0.5),0.37505625468613957,5000,100,11.55,1.395338559980945,0.20000000000000046,11.87,2.0233735206432857,-2.7705627705627576,11.468518796110578,12.27148120388942,0.4014812038894211,100,1.3019526723839197,0.19463594736818837,False,0.20000000000000046
Array (Gini=0.5),0.37505625468613957,5000,100,11.55,1.395338559980945,0.22000000000000047,12.19,1.9,-5.54112554112553,11.81299877921335,12.567001220786649,0.3770012207866497,100,2.7149445233484655,0.007267749667628063,True,0.22000000000000047
Array (Gini=0.5),0.37505625468613957,5000,100,11.55,1.395338559980945,0.2400000000000005,12.46,1.7374077985855418,-7.87878787878788,12.115260599436319,12.804739400563683,0.3447394005636815,100,4.08373422362659,6.536511452893303e-05,True,0.2400000000000005
Array (Gini=0.5),0.37505625468613957,5000,100,11.55,1.395338559980945,0.2600000000000005,12.06,1.9582511265788856,-4.415584415584414,11.67144049193312,12.44855950806688,0.38855950806687994,100,2.121005303780142,0.035298714644153,True,0.2600000000000005
Array (Gini=0.5),0.37505625468613957,5000,100,11.55,1.395338559980945,0.2800000000000005,12.38,2.1778499266547966,-7.186147186147187,11.947867325768962,12.812132674231039,0.43213267423103885,100,3.2089653930622952,0.001594830651791355,True,0.2800000000000005
Array (Gini=0.5),0.37505625468613957,5000,100,11.55,1.395338559980945,0.30000000000000054,12.52,2.315865350842385,-8.398268398268389,12.060482071344694,12.979517928655305,0.4595179286553063,100,3.5876250253424455,0.00044123575056496223,True,0.30000000000000054
Array (Gini=0.6),0.32313326315617075,5000,100,11.36,1.6113235666257837,-0.3,12.45,2.3284581103634165,-9.59507042253521,11.987983394653902,12.912016605346096,0.4620166053460967,100,3.8493844137513733,0.00016548473658744767,True,0.3
Array (Gini=0.6),0.32313326315617075,5000,100,11.36,1.6113235666257837,-0.27999999999999997,11.95,2.392644452221741,-5.193661971830985,11.475247431896841,12.424752568103157,0.4747525681031585,100,2.0453204049291642,0.042333516838367495,True,0.27999999999999997
Array (Gini=0.6),0.32313326315617075,5000,100,11.36,1.6113235666257837,-0.25999999999999995,12.3,2.0621651855574648,-8.274647887323955,11.890821688200583,12.709178311799418,0.40917831179941694,100,3.591846704894312,0.0004196051723149623,True,0.25999999999999995
Array (Gini=0.6),0.32313326315617075,5000,100,11.36,1.6113235666257837,-0.23999999999999994,12.04,2.2604191977363293,-5.985915492957744,11.59148379103359,12.488516208966407,0.44851620896640815,100,2.449618173232487,0.015263445476650959,True,0.23999999999999994
Array (Gini=0.6),0.32313326315617075,5000,100,11.36,1.6113235666257837,-0.21999999999999992,11.93,1.9029748110033227,-5.01760563380282,11.552408512171317,12.307591487828683,0.37759148782868246,100,2.285918724974247,0.023346646076351604,True,0.21999999999999992
Array (Gini=0.6),0.32313326315617075,5000,100,11.36,1.6113235666257837,-0.1999999999999999,11.65,2.011959193915174,-2.552816901408459,11.250783646168976,12.049216353831024,0.3992163538310234,100,1.1250503568899703,0.2619945610265958,False,0.1999999999999999
Array (Gini=0.6),0.32313326315617075,5000,100,11.36,1.6113235666257837,-0.17999999999999988,11.29,2.194092159422754,0.6161971830985941,10.854644514410108,11.72535548558989,0.435355485589892,100,-0.25714441494949236,0.7973582134706888,False,0.17999999999999988
Array (Gini=0.6),0.32313326315617075,5000,100,11.36,1.6113235666257837,-0.15999999999999986,11.71,1.9399833384684915,-3.0809859154929704,11.325065217416642,12.09493478258336,0.3849347825833587,100,1.3878512960410518,0.16679456523265637,False,0.15999999999999986
Array (Gini=0.6),0.32313326315617075,5000,100,11.36,1.6113235666257837,-0.13999999999999985,11.67,1.6271372890987894,-2.728873239436624,11.34714066085383,11.99285933914617,0.3228593391461702,100,1.3537325202906034,0.17736511506711067,False,0.13999999999999985
Array (Gini=0.6),0.32313326315617075,5000,100,11.36,1.6113235666257837,-0.11999999999999983,11.38,1.7219908609666095,-0.1760563380281809,11.038319654332703,11.721680345667298,0.34168034566729777,100,0.08480656822324609,0.9325012359254097,False,0.11999999999999983
Array (Gini=0.6),0.32313326315617075,5000,100,11.36,1.6113235666257837,-0.09999999999999981,11.52,1.7551079853969216,-1.4084507042253533,11.171748498364718,11.868251501635282,0.3482515016352825,100,0.6715361897117142,0.502667425595326,False,0.09999999999999981
Array (Gini=0.6),0.32313326315617075,5000,100,11.36,1.6113235666257837,-0.0799999999999998,11.35,1.80557498047049,0.08802816901408263,10.991734751653048,11.708265248346951,0.35826524834695045,100,-0.04132208598119929,0.9670812986236008,False,0.0799999999999998
Array (Gini=0.6),0.32313326315617075,5000,100,11.36,1.6113235666257837,-0.059999999999999776,11.65,1.328590047814417,-2.552816901408459,11.386378910552091,11.91362108944791,0.26362108944790974,100,1.3886068558841436,0.16656902327928153,False,0.059999999999999776
Array (Gini=0.6),0.32313326315617075,5000,100,11.36,1.6113235666257837,-0.03999999999999976,11.68,1.4898986474918285,-2.8169014084507067,11.384371784761685,11.975628215238315,0.29562821523831456,100,1.458140767088109,0.14639577534612228,False,0.03999999999999976
Array (Gini=0.6),0.32313326315617075,5000,100,11.36,1.6113235666257837,-0.01999999999999974,11.39,1.5947831618540915,-0.26408450704226355,11.07356042162685,11.706439578373152,0.31643957837315034,100,0.13232822820084972,0.8948590720354643,False,0.01999999999999974
Array (Gini=0.6),0.32313326315617075,5000,100,11.36,1.6113235666257837,2.7755575615628914e-16,11.19,1.4750107001837531,1.496478873239436,10.89732587650387,11.482674123496128,0.2926741234961294,100,-0.7782117514190973,0.43738035605459646,False,2.7755575615628914e-16
Array (Gini=0.6),0.32313326315617075,5000,100,11.36,1.6113235666257837,0.020000000000000295,11.16,1.7449494218596953,1.760563380281684,10.813764177762073,11.506235822237928,0.3462358222379283,100,-0.8420614400647971,0.4007759074473911,False,0.020000000000000295
Array (Gini=0.6),0.32313326315617075,5000,100,11.36,1.6113235666257837,0.04000000000000031,11.51,1.388953533849106,-1.3204225352112708,11.23440148532787,11.78559851467213,0.27559851467212854,100,0.7051074587305671,0.48158999186551044,False,0.04000000000000031
Array (Gini=0.6),0.32313326315617075,5000,100,11.36,1.6113235666257837,0.06000000000000033,11.54,1.6169556130412035,-1.5845070422535186,11.219160926276652,11.860839073723346,0.320839073723347,100,0.7885255260508524,0.4313324620660942,False,0.06000000000000033
Array (Gini=0.6),0.32313326315617075,5000,100,11.36,1.6113235666257837,0.08000000000000035,11.65,1.5787413475374117,-2.552816901408459,11.33674346561686,11.96325653438314,0.31325653438313933,100,1.2855554795828852,0.2001004054352936,False,0.08000000000000035
Array (Gini=0.6),0.32313326315617075,5000,100,11.36,1.6113235666257837,0.10000000000000037,11.4,1.5891043154093205,-0.35211267605634616,11.084687227964922,11.715312772035078,0.3153127720350774,100,0.17674880153784062,0.8598864024087068,False,0.10000000000000037
Array (Gini=0.6),0.32313326315617075,5000,100,11.36,1.6113235666257837,0.12000000000000038,11.46,1.771947510452265,-0.8802816901408576,11.108407171257701,11.8115928287423,0.3515928287422993,100,0.41753156225611965,0.6767460992637188,False,0.12000000000000038
Array (Gini=0.6),0.32313326315617075,5000,100,11.36,1.6113235666257837,0.1400000000000004,11.75,1.5787413475374117,-3.433098591549301,11.43674346561686,12.06325653438314,0.31325653438313933,100,1.7288504725424978,0.08539525924320145,False,0.1400000000000004
Array (Gini=0.6),0.32313326315617075,5000,100,11.36,1.6113235666257837,0.16000000000000042,11.47,1.7434147382349816,-0.9683098591549403,11.124068692288409,11.815931307711592,0.3459313077115923,100,0.4633537065855656,0.6436229132987976,False,0.16000000000000042
Array (Gini=0.6),0.32313326315617075,5000,100,11.36,1.6113235666257837,0.18000000000000044,11.81,1.8678297242489421,-3.9612676056338123,11.439382059861346,12.180617940138655,0.37061794013865396,100,1.8242183315844616,0.06965885471800873,False,0.18000000000000044
Array (Gini=0.6),0.32313326315617075,5000,100,11.36,1.6113235666257837,0.20000000000000046,11.83,1.8805490279343016,-4.137323943661977,11.456858274062958,12.203141725937042,0.37314172593704165,100,1.8978743467765524,0.059201732278881265,False,0.20000000000000046
Array (Gini=0.6),0.32313326315617075,5000,100,11.36,1.6113235666257837,0.22000000000000047,11.69,2.2992972136650094,-2.9049295774647894,11.23376954920892,12.146230450791078,0.4562304507910793,100,1.1753428222075895,0.24143314611965316,False,0.22000000000000047
Array (Gini=0.6),0.32313326315617075,5000,100,11.36,1.6113235666257837,0.2400000000000005,11.64,2.148619476912014,-2.4647887323943762,11.213667281156948,12.066332718843054,0.4263327188430537,100,1.0425627261066426,0.29852171416734774,False,0.2400000000000005
Array (Gini=0.6),0.32313326315617075,5000,100,11.36,1.6113235666257837,0.2600000000000005,11.77,2.17355548223261,-3.6091549295774663,11.338719436710942,12.201280563289057,0.4312805632890575,100,1.5153304210388694,0.1314181325292134,False,0.2600000000000005
Array (Gini=0.6),0.32313326315617075,5000,100,11.36,1.6113235666257837,0.2800000000000005,12.07,2.1614389146626793,-6.250000000000008,11.641123626587579,12.498876373412422,0.42887637341242174,100,2.6335735832964042,0.009171886041295197,True,0.2800000000000005
Array (Gini=0.6),0.32313326315617075,5000,100,11.36,1.6113235666257837,0.30000000000000054,12.68,2.0786553540229034,-11.619718309859158,12.267549681020347,13.092450318979653,0.4124503189796527,100,5.018912828622193,1.2080997393706105e-06,True,0.30000000000000054
